latitude,longitude,ev_workplace_charging,ev_level2_evse_num,station_region_encoded,station_subregion_encoded,access_hours,CHADEMO,J1772,J1772COMBO,NEMA515,NEMA520,TESLA,status_code_E,status_code_P,status_code_T,access_code_cleaned,ev_network_encoded
34.040539,-118.271387,0.0,7.0,0,0,15.5,0,1,0,0,0,0,1,0,0,1,92
34.059133,-118.248589,1.0,338.0,1,1,0.0,1,1,1,0,0,0,1,0,0,0,92
34.066801,-118.22760500000001,1.0,46.0,1,2,0.0,1,1,0,0,0,0,1,0,0,0,92
34.036777,-118.36884099999999,0.0,13.0,1,3,0.0,0,1,0,0,0,0,1,0,0,0,92
34.039736,-118.236065,1.0,27.0,1,4,0.0,0,1,0,0,0,0,1,0,0,0,92
33.94325,-118.403342,0.0,20.0,2,5,24.0,0,1,0,0,0,0,1,0,0,1,92
34.22947,-118.54493400000001,0.0,4.0,3,6,24.0,0,1,0,0,0,0,0,0,1,1,11
34.077588,-118.474585,0.0,15.0,4,7,0.0,0,1,0,0,1,0,1,0,0,1,92
34.029971,-118.385231,0.0,6.0,5,8,24.0,0,1,0,0,0,0,1,0,0,1,92
33.944761,-118.399767,0.0,20.0,2,9,24.0,0,1,0,0,0,0,1,0,0,1,92
34.059047,-118.25681200000001,1.0,17.0,1,10,0.0,0,1,0,0,0,0,1,0,0,0,92
34.033898,-118.25667299999999,1.0,19.0,1,11,0.0,0,1,0,0,0,0,1,0,0,0,92
34.081998,-118.21713000000001,1.0,79.0,1,12,0.0,0,1,0,0,0,0,1,0,0,0,92
34.035168,-118.273229,0.0,1.0,6,13,0.0,1,1,0,0,0,0,1,0,0,1,92
34.133446,-118.356601,0.0,2.0,7,14,0.0,1,1,0,0,0,0,1,0,0,1,92
34.063383,-118.35808,1.0,15.0,8,15,0.0,0,1,0,0,0,0,1,0,0,1,34
34.02828,-118.2778,0.0,2.0,9,16,8.0,0,1,0,0,0,0,1,0,0,1,92
33.9492,-118.385,0.0,2.0,10,17,24.0,0,1,0,0,0,0,1,0,0,1,92
34.053084999999996,-118.4529,0.0,1.0,11,18,0.0,0,1,0,0,0,0,1,0,0,0,92
34.068005,-118.44404899999999,1.0,28.0,12,19,0.0,0,1,0,0,0,0,1,0,0,0,92
34.072975,-118.444801,1.0,1.0,12,20,0.0,1,1,0,0,0,0,1,0,0,0,92
34.072975,-118.444801,0.0,0.0,12,20,10.0,1,0,0,0,0,0,1,0,0,1,92
34.068375,-118.44504099999999,1.0,4.0,12,21,0.0,0,1,0,0,0,0,1,0,0,1,92
34.071222999999996,-118.45186000000001,1.0,4.0,13,22,0.0,0,1,0,1,0,0,1,0,0,0,92
34.055505,-118.248852,0.0,40.0,14,23,0.0,1,1,1,0,0,0,1,0,0,1,34
34.056889,-118.24778899999998,0.0,10.0,15,24,0.0,0,1,0,0,0,0,1,0,0,0,34
34.056889,-118.24778899999998,1.0,20.0,16,25,0.0,0,1,0,0,0,0,1,0,0,0,34
34.055640999999994,-118.244271,0.0,4.0,17,26,0.0,0,1,0,0,0,0,1,0,0,1,92
34.057657,-118.24788999999998,0.0,40.0,18,27,0.0,0,1,0,0,0,0,1,0,0,1,34
34.060148,-118.250747,0.0,40.0,19,28,0.0,1,1,1,0,0,0,1,0,0,1,34
34.0587022850883,-118.230381076057,1.0,19.0,20,29,0.0,0,1,0,0,0,0,1,0,0,0,92
34.052459000000006,-118.17525800000001,1.0,2.0,21,30,0.0,0,1,0,0,0,0,1,0,0,0,34
34.061036,-118.212893,1.0,10.0,22,31,0.0,0,1,0,0,0,0,1,0,0,0,34
34.050994,-118.174908,0.0,4.0,17,32,24.0,0,1,0,0,0,0,1,0,0,1,34
34.048272,-118.17033500000001,1.0,6.0,17,33,12.0,0,1,0,0,0,0,1,0,0,0,34
34.056077,-118.232293,0.0,10.0,23,34,24.0,0,1,0,0,0,0,1,0,0,1,92
34.054983,-118.51263600000001,0.0,2.0,24,35,0.0,0,1,0,0,0,0,1,0,0,1,92
34.070849,-118.22658899999999,1.0,5.0,25,36,0.0,0,1,0,0,0,0,1,0,0,0,92
33.923781,-118.240951,1.0,37.0,26,37,24.0,0,1,0,0,0,0,1,0,0,0,34
34.1049,-118.326458,0.0,1.0,27,38,16.0,0,1,0,0,0,0,1,0,0,1,92
34.025692,-118.273425,1.0,2.0,28,39,0.0,0,1,0,0,0,0,1,0,0,0,34
34.049649,-118.172315,1.0,19.0,29,40,0.0,0,1,0,0,0,0,1,0,0,0,34
34.017635,-118.28933700000002,0.0,40.0,30,41,0.0,0,1,0,0,0,0,1,0,0,1,34
34.072939,-118.358158,0.0,6.0,31,42,24.0,0,1,0,0,0,0,1,0,0,1,92
34.055329,-118.267077,0.0,11.0,32,43,24.0,0,1,0,0,0,0,1,0,0,1,92
34.074538000000004,-118.381799,1.0,16.0,33,44,0.0,0,1,0,0,0,0,1,0,0,0,92
34.148872999999995,-118.283976,0.0,6.0,34,45,17.0,0,1,0,0,0,0,1,0,0,1,92
34.053453000000005,-118.26415300000001,0.0,3.0,32,46,0.0,0,1,0,0,0,0,1,0,0,1,92
34.052238,-118.243344,1.0,8.0,35,47,0.0,0,1,0,0,0,0,1,0,0,0,92
34.021353000000005,-118.426229,0.0,8.0,12,48,0.0,0,1,0,0,0,0,1,0,0,0,92
34.1899327746718,-118.44818740000001,0.0,14.0,1,49,24.0,1,1,1,0,0,0,1,0,0,1,92
34.057008,-118.259212,0.0,0.0,1,50,24.0,1,0,0,0,0,0,1,0,0,1,92
33.923390999999995,-118.240101,0.0,2.0,36,51,24.0,0,1,0,0,0,0,1,0,0,1,34
34.052263,-118.17222199999999,1.0,6.0,37,52,0.0,0,1,0,0,0,0,1,0,0,0,92
34.012229999999995,-118.334323,1.0,16.0,1,53,24.0,1,1,1,0,0,0,1,0,0,1,92
33.949363700000006,-118.25383070000001,1.0,2.0,1,54,0.0,0,1,0,0,0,0,1,0,0,0,92
34.0344842,-118.459616,1.0,15.0,1,55,0.0,0,1,0,0,0,0,1,0,0,0,92
34.022368,-118.43768100000001,0.0,2.0,38,56,16.0,0,1,0,0,0,0,1,0,0,1,181
34.0497723610577,-118.245105779098,0.0,100.0,39,57,0.0,1,1,1,0,0,0,1,0,0,0,92
33.945716499999996,-118.24111200000002,0.0,1.0,40,58,24.0,0,1,0,0,0,0,1,0,0,1,92
34.124839,-118.47905300000001,0.0,6.0,41,59,5.0,0,1,0,0,0,0,1,0,0,1,92
33.944266999999996,-118.39918300000001,0.0,28.0,2,60,24.0,0,1,0,0,0,0,1,0,0,1,92
34.029971,-118.385231,1.0,4.0,5,8,0.0,0,1,0,0,0,0,1,0,0,0,92
34.074544,-118.37920700000001,1.0,8.0,33,44,0.0,0,1,0,0,0,0,1,0,0,0,92
34.070505,-118.37583300000001,1.0,4.0,33,44,0.0,0,1,0,0,0,0,1,0,0,0,92
34.006112,-118.369027,0.0,4.0,42,61,0.0,0,1,0,0,0,0,1,0,0,1,34
34.19076565,-118.5964018,0.0,3.0,43,62,24.0,0,1,0,0,0,0,1,0,0,1,26
34.043338,-118.25938899999998,1.0,2.0,44,63,0.0,0,1,0,0,0,0,1,0,0,0,92
34.03402852,-118.1525365,0.0,6.0,45,64,24.0,0,1,0,0,0,0,1,0,0,1,26
34.02640523,-118.371489,0.0,3.0,46,65,24.0,0,1,0,0,0,0,1,0,0,1,26
34.058304,-118.442803,0.0,4.0,47,66,24.0,0,1,0,0,0,0,1,0,0,1,64
34.060727,-118.44358899999999,0.0,3.0,48,67,24.0,0,1,0,0,0,0,1,0,0,1,64
34.071196,-118.377094,0.0,4.0,49,68,24.0,0,1,0,0,0,0,1,0,0,1,64
34.071163,-118.37701899999999,0.0,3.0,49,69,24.0,0,1,0,0,0,0,1,0,0,1,64
34.034366,-118.44268000000001,0.0,8.0,50,70,24.0,0,1,0,0,0,0,1,0,0,1,64
34.028978,-118.278058,0.0,1.0,51,71,24.0,0,1,0,0,0,0,0,0,1,1,181
33.959206,-118.417298,0.0,2.0,52,72,24.0,0,1,0,0,0,0,0,0,1,1,181
34.054758,-118.314319,0.0,1.0,53,73,24.0,0,1,0,0,0,0,0,0,1,1,181
34.064254,-118.23663700000002,0.0,2.0,54,74,24.0,0,1,0,0,0,0,0,0,1,1,181
34.100359999999995,-118.259602,0.0,6.0,55,75,24.0,0,1,0,0,0,0,0,0,1,1,181
34.014402000000004,-118.30861599999999,0.0,6.0,56,76,24.0,0,1,0,0,0,0,1,0,0,1,181
34.051326,-118.24104299999999,0.0,1.0,57,77,24.0,0,1,0,0,0,0,0,0,1,1,181
34.100583,-118.327418,0.0,2.0,58,78,24.0,0,1,0,0,0,0,0,0,1,1,181
34.098032,-118.34183,0.0,1.0,59,79,24.0,0,1,0,0,0,0,0,0,1,1,181
34.097969,-118.358974,0.0,1.0,60,80,24.0,0,1,0,0,0,0,1,0,0,1,181
34.186875,-118.500468,0.0,1.0,61,81,24.0,0,1,0,0,0,0,0,0,1,1,181
34.160626,-118.44863899999999,0.0,1.0,62,82,24.0,0,1,0,0,0,0,0,0,1,1,181
34.202868,-118.571272,0.0,1.0,63,83,24.0,0,1,0,0,0,0,0,1,0,1,181
34.246052,-118.418667,0.0,1.0,64,84,24.0,0,1,0,0,0,0,0,0,1,1,181
34.053278999999996,-118.440145,0.0,1.0,65,85,24.0,0,1,0,0,0,0,0,0,1,1,181
34.147195,-118.364028,0.0,1.0,66,86,24.0,0,1,0,0,0,0,0,0,1,1,181
34.261249,-118.467125,0.0,1.0,67,87,24.0,0,1,0,0,0,0,0,0,1,1,181
34.042184000000006,-118.460902,0.0,1.0,68,88,24.0,0,1,0,0,0,0,1,0,0,1,181
34.042224,-118.25269499999999,0.0,1.0,69,89,24.0,0,1,0,0,0,0,0,1,0,1,181
34.025824,-118.28648700000001,0.0,1.0,70,90,24.0,0,1,0,0,0,0,0,0,1,1,181
34.016665,-118.278951,0.0,1.0,71,91,24.0,0,1,0,0,0,0,0,0,1,1,181
34.0565004,-118.2481775,1.0,10.0,17,92,0.0,0,1,0,0,0,0,1,0,0,0,34
33.922314,-118.240604,1.0,70.0,72,93,0.0,0,1,0,0,0,0,1,0,0,0,34
33.962875,-118.37988600000001,1.0,3.0,73,94,0.0,0,1,0,0,0,0,1,0,0,0,92
34.184614,-118.447258,0.0,1.0,74,95,24.0,0,1,0,0,0,0,0,0,1,1,181
34.111127,-118.18901000000001,0.0,1.0,75,96,24.0,0,1,0,0,0,0,0,0,1,1,181
34.061310999999996,-118.291564,0.0,1.0,76,97,24.0,0,1,0,0,0,0,0,0,1,1,181
34.046424,-118.37620600000001,0.0,1.0,77,98,24.0,0,1,0,0,0,0,0,0,1,1,181
34.142368,-118.395247,0.0,1.0,78,99,24.0,0,1,0,0,0,0,0,0,1,1,181
34.006492,-118.32866999999999,0.0,1.0,79,100,24.0,0,1,0,0,0,0,1,0,0,1,181
34.155263,-118.36868100000001,0.0,1.0,80,101,24.0,0,1,0,0,0,0,1,0,0,1,181
34.167374,-118.39658999999999,0.0,1.0,81,102,24.0,0,1,0,0,0,0,0,0,1,1,181
34.303331,-118.478003,0.0,1.0,82,103,24.0,0,1,0,0,0,0,0,0,1,1,181
34.245762,-118.274526,0.0,1.0,83,104,24.0,0,1,0,0,0,0,0,0,1,1,181
34.260126,-118.430126,0.0,1.0,84,105,24.0,0,1,0,0,0,0,0,0,1,1,181
34.257703,-118.469755,0.0,1.0,85,106,24.0,0,1,0,0,0,0,0,0,1,1,181
34.235332,-118.44848700000001,0.0,1.0,86,107,24.0,0,1,0,0,0,0,0,0,1,1,181
34.098089,-118.356692,0.0,1.0,87,108,24.0,0,1,0,0,0,0,0,0,1,1,181
34.09785,-118.334025,0.0,1.0,88,109,24.0,0,1,0,0,0,0,0,0,1,1,181
34.048617,-118.334337,0.0,1.0,89,110,24.0,0,1,0,0,0,0,0,0,1,1,181
34.259756,-118.31064599999999,0.0,1.0,90,111,24.0,0,1,0,0,0,0,0,0,1,1,181
34.186707,-118.552529,0.0,1.0,91,112,24.0,0,1,0,0,0,0,0,0,1,1,181
34.039996,-118.42908500000001,0.0,1.0,92,113,24.0,0,1,0,0,0,0,0,0,1,1,181
34.040458,-118.235444,1.0,27.0,1,114,0.0,0,1,0,0,0,0,1,0,0,0,92
34.034741,-118.29228,0.0,1.0,1,115,24.0,0,1,0,0,0,0,1,0,0,1,92
34.035847,-118.273342,0.0,1.0,1,116,24.0,0,1,0,0,0,0,1,0,0,1,92
34.071508,-118.23031399999999,0.0,1.0,1,117,24.0,0,1,0,0,0,0,1,0,0,1,92
34.036868,-118.27268500000001,0.0,1.0,1,116,24.0,0,1,0,0,0,0,1,0,0,1,92
34.042355,-118.28190900000001,0.0,1.0,1,118,24.0,0,1,0,0,0,0,0,0,1,1,92
34.032919,-118.238621,0.0,1.0,1,119,24.0,0,1,0,0,0,0,1,0,0,1,92
34.043191,-118.23737,0.0,1.0,1,120,24.0,0,1,0,0,0,0,1,0,0,1,92
33.975437,-118.26536499999999,0.0,1.0,1,121,24.0,0,1,0,0,0,0,1,0,0,1,92
33.988889,-118.285476,0.0,1.0,1,122,24.0,0,1,0,0,0,0,1,0,0,1,92
33.976155,-118.26536499999999,0.0,1.0,1,121,24.0,0,1,0,0,0,0,1,0,0,1,92
33.993086,-118.282886,0.0,1.0,1,123,24.0,0,1,0,0,0,0,1,0,0,1,92
34.170533,-118.572577,0.0,1.0,93,124,24.0,0,1,0,0,0,0,0,0,1,1,181
34.057008,-118.259212,1.0,14.0,1,50,0.0,0,1,0,0,0,0,1,0,0,0,92
34.02715,-118.27626699999999,0.0,1.0,94,125,24.0,0,1,0,0,0,0,0,0,1,1,181
34.056743,-118.259166,0.0,0.0,95,50,24.0,1,0,1,0,0,0,0,0,1,1,181
34.201197,-118.540902,0.0,1.0,96,126,24.0,0,1,0,0,0,0,0,0,1,1,181
34.058056,-118.445278,0.0,2.0,97,127,24.0,0,1,0,0,0,0,1,0,0,1,64
34.04753,-118.264429,0.0,0.0,98,128,24.0,0,0,0,0,0,1,1,0,0,1,6
34.03639379,-118.43482350000001,0.0,6.0,99,129,24.0,0,1,0,0,0,0,1,0,0,1,26
34.053051,-118.24180600000001,0.0,11.0,100,130,24.0,0,1,0,0,0,0,1,0,0,1,181
34.041086,-118.25351599999999,0.0,1.0,101,131,24.0,0,1,0,0,0,0,0,0,1,1,181
34.054745000000004,-118.277327,0.0,1.0,102,132,24.0,0,1,0,0,0,0,0,0,1,1,181
34.040344,-118.253795,0.0,1.0,103,133,24.0,0,1,0,0,0,0,0,0,1,1,181
34.101989,-118.29951899999999,0.0,1.0,104,134,24.0,0,1,0,0,0,0,0,0,1,1,181
34.101492,-118.298397,0.0,1.0,105,135,24.0,0,1,0,0,0,0,0,0,1,1,181
34.102057,-118.297191,0.0,1.0,106,136,24.0,0,1,0,0,0,0,1,0,0,1,181
34.085127,-118.220984,0.0,1.0,107,137,24.0,0,1,0,0,0,0,1,0,0,1,181
34.047644,-118.24580900000001,0.0,1.0,108,138,24.0,0,1,0,0,0,0,0,0,1,1,181
34.116977,-118.234489,0.0,1.0,109,139,24.0,0,1,0,0,0,0,0,0,1,1,181
34.049425,-118.308903,0.0,1.0,110,140,24.0,0,1,0,0,0,0,0,0,1,1,181
33.941599,-118.269424,0.0,1.0,111,141,24.0,0,1,0,0,0,0,0,0,1,1,181
33.73872,-118.29093600000002,0.0,1.0,112,142,24.0,0,1,0,0,0,0,1,0,0,1,181
33.938353,-118.27758600000001,0.0,1.0,113,143,24.0,0,1,0,0,0,0,0,0,1,1,181
33.73881,-118.28971200000001,0.0,1.0,114,144,24.0,0,1,0,0,0,0,1,0,0,1,181
33.94007,-118.30929499999999,0.0,1.0,115,145,24.0,0,1,0,0,0,0,0,0,1,1,181
34.064306,-118.443164,1.0,8.0,12,21,0.0,0,1,0,0,0,0,1,0,0,1,92
33.733574,-118.30942900000001,0.0,1.0,116,146,24.0,0,1,0,0,0,0,1,0,0,1,181
33.779509000000004,-118.275572,0.0,1.0,117,147,24.0,0,1,0,0,0,0,0,0,1,1,181
33.779214,-118.26505300000001,0.0,1.0,118,148,24.0,0,1,0,0,0,0,0,0,1,1,181
34.213459,-118.449382,0.0,1.0,119,149,24.0,0,1,0,0,0,0,0,0,1,1,181
34.211635,-118.430771,0.0,1.0,120,150,24.0,0,1,0,0,0,0,0,0,1,1,181
34.201403000000006,-118.495607,0.0,1.0,121,151,24.0,0,1,0,0,0,0,0,0,1,1,181
34.182460999999996,-118.466324,0.0,1.0,122,152,24.0,0,1,0,0,0,0,0,0,1,1,181
34.194027,-118.380351,0.0,1.0,123,153,24.0,0,1,0,0,0,0,0,0,1,1,181
34.194004,-118.39722900000001,0.0,1.0,124,154,24.0,0,1,0,0,0,0,0,0,1,1,181
34.19402,-118.406849,0.0,1.0,125,155,24.0,0,1,0,0,0,0,0,0,1,1,181
34.194027,-118.404758,0.0,1.0,126,156,24.0,0,1,0,0,0,0,0,0,1,1,181
34.192939,-118.387654,0.0,1.0,127,157,24.0,0,1,0,0,0,0,0,0,1,1,181
34.179316,-118.44124199999999,0.0,1.0,128,158,24.0,0,1,0,0,0,0,0,0,1,1,181
34.220769,-118.367473,0.0,1.0,129,159,24.0,0,1,0,0,0,0,0,0,1,1,181
33.959811,-118.270331,0.0,1.0,130,160,24.0,0,1,0,0,0,0,0,0,1,1,181
34.053639000000004,-118.43020600000001,0.0,2.0,131,161,24.0,0,1,0,0,0,0,1,0,0,1,975
34.024395,-118.42643100000001,0.0,1.0,132,162,24.0,0,1,0,0,0,0,0,0,1,1,181
34.049820000000004,-118.29144,0.0,2.0,133,163,24.0,0,1,0,0,0,0,1,0,0,1,181
34.038665,-118.261251,0.0,1.0,134,164,24.0,0,1,0,0,0,0,0,0,1,1,181
34.23474,-118.604422,0.0,1.0,135,165,24.0,0,1,0,0,0,0,0,0,1,1,181
33.959723,-118.304592,0.0,1.0,136,166,24.0,0,1,0,0,0,0,0,0,1,1,181
34.046915000000006,-118.246501,0.0,1.0,137,167,24.0,0,1,0,0,0,0,0,0,1,1,181
34.170257899999996,-118.37214399999999,0.0,2.0,138,168,24.0,0,1,0,0,0,0,0,0,1,1,64
33.94502070000001,-118.3705831,0.0,7.0,139,169,24.0,0,1,0,0,0,0,1,0,0,1,64
33.984080600000006,-118.39783929999999,0.0,1.0,140,170,0.0,0,1,0,0,0,0,1,0,0,0,92
34.095141,-118.33899,0.0,1.0,141,171,24.0,0,1,0,0,0,0,0,0,1,1,181
34.048465,-118.44063100000001,0.0,1.0,142,172,24.0,0,1,0,0,0,0,0,0,1,1,181
34.073710999999996,-118.25148300000001,0.0,1.0,143,173,24.0,0,1,0,0,0,0,0,0,1,1,181
33.755127,-118.292375,0.0,1.0,144,174,24.0,0,1,0,0,0,0,0,0,1,1,181
33.7551,-118.2922,0.0,1.0,145,175,24.0,0,1,0,0,0,0,0,0,1,1,181
34.004437,-118.25656599999999,0.0,1.0,146,176,24.0,0,1,0,0,0,0,1,0,0,1,181
33.942774,-118.23895300000001,0.0,1.0,147,177,24.0,0,1,0,0,0,0,0,0,1,1,181
33.941036,-118.23907700000001,0.0,1.0,148,178,24.0,0,1,0,0,0,0,0,0,1,1,181
33.938691999999996,-118.309151,0.0,1.0,149,179,24.0,0,1,0,0,0,0,0,0,1,1,181
34.043908,-118.25992600000001,0.0,1.0,150,180,24.0,0,1,0,0,0,0,0,0,1,1,181
34.047765999999996,-118.247409,0.0,1.0,151,181,24.0,0,1,0,0,0,0,0,0,1,1,181
33.974142,-118.28279199999999,0.0,1.0,152,182,24.0,0,1,0,0,0,0,0,0,1,1,181
33.99637,-118.42726,0.0,0.0,153,183,24.0,1,0,1,0,0,0,1,0,0,1,5
34.050756,-118.173983,1.0,37.0,154,184,24.0,0,1,0,0,0,0,1,0,0,0,34
34.138734,-118.21511100000001,0.0,2.0,155,185,14.0,0,1,0,0,0,0,1,0,0,1,181
34.053566,-118.467005,0.0,2.0,156,186,17.98,0,1,0,0,0,0,1,0,0,1,181
34.059133,-118.248589,1.0,24.0,1,1,24.0,1,1,1,0,0,0,1,0,0,1,92
34.04684,-118.237458,1.0,31.0,1,187,0.0,1,1,1,0,0,0,1,0,0,0,92
34.063402,-118.241234,1.0,1.0,1,188,24.0,0,1,0,0,0,0,1,0,0,1,92
33.98048,-118.308755,0.0,1.0,1,189,24.0,0,1,0,0,0,0,1,0,0,1,92
34.110890999999995,-118.19713600000001,0.0,1.0,1,190,24.0,0,1,0,0,0,0,1,0,0,1,92
34.033412,-118.29624799999999,0.0,1.0,1,191,24.0,0,1,0,0,0,0,1,0,0,1,92
34.015864,-118.205302,0.0,5.0,1,192,0.0,0,1,0,0,0,0,1,0,0,0,92
34.109854,-118.252525,1.0,16.0,1,193,0.0,1,1,1,0,0,0,1,0,0,0,92
34.061173,-118.291001,0.0,3.0,157,194,24.0,0,1,0,0,0,0,1,0,0,1,64
34.027977,-118.277514,0.0,2.0,158,195,24.0,0,1,0,0,0,0,1,0,0,1,975
34.035028999999994,-118.25246299999999,0.0,1.0,159,196,24.0,0,1,0,0,0,0,0,0,1,1,181
34.048631,-118.35364299999999,0.0,1.0,160,197,24.0,0,1,0,0,0,0,1,0,0,1,181
34.221521,-118.46955700000001,0.0,1.0,161,198,24.0,0,1,0,0,0,0,1,0,0,1,181
34.235624,-118.52540900000001,0.0,1.0,162,199,24.0,0,1,0,0,0,0,0,0,1,1,181
34.169056,-118.576567,0.0,1.0,163,200,24.0,0,1,0,0,0,0,0,0,1,1,181
34.166493,-118.58524299999999,0.0,1.0,164,201,24.0,0,1,0,0,0,0,0,0,1,1,181
34.221773999999996,-118.40576000000001,0.0,1.0,165,202,24.0,0,1,0,0,0,0,0,0,1,1,181
34.229138,-118.450379,0.0,1.0,166,203,24.0,0,1,0,0,0,0,0,0,1,1,181
34.139941,-118.378328,0.0,1.0,167,204,24.0,0,1,0,0,0,0,0,0,1,1,181
34.275915000000005,-118.562229,0.0,1.0,168,205,24.0,0,1,0,0,0,0,0,0,1,1,181
34.097892,-118.349099,0.0,1.0,169,206,24.0,0,1,0,0,0,0,0,0,1,1,181
34.048313,-118.34343700000001,0.0,1.0,170,207,24.0,0,1,0,0,0,0,0,0,1,1,181
34.037902,-118.440233,0.0,2.0,171,208,17.98,0,1,0,0,0,0,1,0,0,1,181
34.061521,-118.447158,0.0,4.0,172,209,17.98,0,1,0,0,0,0,1,0,0,1,181
34.05417,-118.383457,0.0,2.0,173,210,23.98,0,1,0,0,0,0,1,0,0,1,181
34.071657,-118.344521,0.0,1.0,174,211,17.98,0,1,0,0,0,0,0,0,1,1,181
34.04639,-118.257451,0.0,2.0,175,212,17.98,0,1,0,0,0,0,1,0,0,1,181
34.208849,-118.50974599999999,0.0,1.0,176,213,24.0,0,1,0,0,0,0,1,0,0,1,383
34.022077,-118.43956200000001,0.0,1.0,177,214,24.0,0,1,0,0,0,0,1,0,0,1,383
33.957465,-118.41780700000001,0.0,1.0,178,215,24.0,0,1,0,0,0,0,1,0,0,1,383
34.064144,-118.194635,0.0,1.0,179,216,24.0,0,1,0,0,0,0,1,0,0,1,383
34.068718,-118.292999,0.0,1.0,180,217,24.0,0,1,0,0,0,0,1,0,0,1,383
33.955890000000004,-118.30913100000001,0.0,1.0,181,218,24.0,0,1,0,0,0,0,1,0,0,1,383
34.075181,-118.280758,0.0,1.0,182,219,24.0,0,1,0,0,0,0,1,0,0,1,383
34.06337,-118.241175,0.0,1.0,183,220,24.0,0,1,0,0,0,0,1,0,0,1,383
34.101239,-118.305545,0.0,1.0,184,221,24.0,0,1,0,0,0,0,1,0,0,1,383
33.945370000000004,-118.30731399999999,0.0,1.0,185,222,24.0,0,1,0,0,0,0,1,0,0,1,383
34.04524,-118.386556,0.0,1.0,186,223,24.0,0,1,0,0,0,0,0,0,1,1,383
34.039995000000005,-118.464849,0.0,1.0,187,224,24.0,0,1,0,0,0,0,1,0,0,1,383
33.990793,-118.46639099999999,0.0,1.0,188,225,24.0,0,1,0,0,0,0,1,0,0,1,383
34.311619,-118.47113799999998,0.0,1.0,189,226,24.0,0,1,0,0,0,0,1,0,0,1,383
34.202333,-118.59786100000001,0.0,1.0,190,227,24.0,0,1,0,0,0,0,1,0,0,1,383
34.249327,-118.588429,0.0,1.0,191,228,24.0,0,1,0,0,0,0,1,0,0,1,383
34.06047,-118.23768999999999,0.0,1.0,192,229,24.0,0,1,0,0,0,0,1,0,0,1,383
33.959691,-118.314947,0.0,1.0,193,230,24.0,0,1,0,0,0,0,1,0,0,1,383
33.934466,-118.273781,0.0,1.0,194,231,24.0,0,1,0,0,0,0,1,0,0,1,383
34.190159,-118.548151,0.0,1.0,195,232,24.0,0,1,0,0,0,0,1,0,0,1,383
34.056143,-118.249264,0.0,1.0,196,233,24.0,0,1,0,0,0,0,1,0,0,1,383
34.161293,-118.503322,0.0,1.0,197,234,24.0,0,1,0,0,0,0,1,0,0,1,383
34.146584999999995,-118.33343799999999,0.0,1.0,198,235,24.0,0,1,0,0,0,0,1,0,0,1,383
34.054671,-118.343901,0.0,1.0,199,236,24.0,0,1,0,0,0,0,1,0,0,1,383
33.961997,-118.420978,0.0,1.0,200,237,24.0,0,1,0,0,0,0,1,0,0,1,383
34.097875,-118.33481200000001,0.0,1.0,201,238,24.0,0,1,0,0,0,0,1,0,0,1,383
34.050649,-118.22716899999999,0.0,1.0,202,239,24.0,0,1,0,0,0,0,1,0,0,1,383
34.208405,-118.576145,0.0,1.0,203,240,24.0,0,1,0,0,0,0,1,0,0,1,383
33.957306,-118.31125,0.0,1.0,204,241,24.0,0,1,0,0,0,0,1,0,0,1,383
34.064904999999996,-118.43144,0.0,1.0,205,242,24.0,0,1,0,0,0,0,1,0,0,1,383
34.02624,-118.29168100000001,0.0,1.0,206,243,24.0,0,1,0,0,0,0,1,0,0,1,383
34.18744,-118.42241299999999,0.0,1.0,207,244,24.0,0,1,0,0,0,0,1,0,0,1,383
34.040228000000006,-118.256492,0.0,1.0,208,245,24.0,0,1,0,0,0,0,1,0,0,1,383
33.984598,-118.40053999999999,0.0,1.0,209,246,24.0,0,1,0,0,0,0,1,0,0,1,383
34.063790000000004,-118.305442,0.0,1.0,210,247,24.0,0,1,0,0,0,0,0,0,1,1,383
33.727015,-118.31028799999999,0.0,1.0,211,248,24.0,0,1,0,0,0,0,1,0,0,1,383
34.039726,-118.34180800000001,0.0,1.0,212,249,24.0,0,1,0,0,0,0,1,0,0,1,383
34.163063,-118.49240900000001,0.0,1.0,213,250,24.0,0,1,0,0,0,0,1,0,0,1,383
34.186683,-118.54996499999999,0.0,1.0,214,251,24.0,0,1,0,0,0,0,1,0,0,1,383
34.044142,-118.45543,0.0,1.0,215,252,24.0,0,1,0,0,0,0,1,0,0,1,383
34.24745,-118.27873400000001,0.0,1.0,216,253,24.0,0,1,0,0,0,0,1,0,0,1,383
33.968014000000004,-118.426267,0.0,1.0,217,254,24.0,0,1,0,0,0,0,1,0,0,1,383
34.27474,-118.55915900000001,0.0,1.0,218,255,24.0,0,1,0,0,0,0,1,0,0,1,383
34.207544,-118.50128899999999,0.0,1.0,219,256,24.0,0,1,0,0,0,0,1,0,0,1,383
34.221475,-118.509984,0.0,1.0,220,257,24.0,0,1,0,0,0,0,1,0,0,1,383
34.261905,-118.579725,0.0,1.0,221,258,24.0,0,1,0,0,0,0,1,0,0,1,383
34.164986999999996,-118.358806,0.0,1.0,222,259,24.0,0,1,0,0,0,0,1,0,0,1,383
34.275546999999996,-118.44981299999999,0.0,1.0,223,260,24.0,0,1,0,0,0,0,1,0,0,1,383
34.242607,-118.60436200000001,0.0,1.0,224,261,24.0,0,1,0,0,0,0,1,0,0,1,383
34.066563,-118.21537099999999,0.0,1.0,225,262,24.0,0,1,0,0,0,0,0,0,1,1,181
34.032711,-118.32749299999999,0.0,1.0,226,263,24.0,0,1,0,0,0,0,1,0,0,1,181
34.279094,-118.45800600000001,0.0,1.0,227,264,24.0,0,1,0,0,0,0,1,0,0,1,383
34.056622,-118.396478,0.0,1.0,228,265,24.0,0,1,0,0,0,0,1,0,0,1,383
33.958621,-118.394682,0.0,1.0,229,266,24.0,0,1,0,0,0,0,1,0,0,1,383
34.028502,-118.429273,0.0,1.0,230,267,24.0,0,1,0,0,0,0,1,0,0,1,383
34.201095,-118.43208600000001,0.0,1.0,231,268,24.0,0,1,0,0,0,0,0,0,1,1,181
34.040165,-118.45310800000001,0.0,1.0,232,269,24.0,0,1,0,0,0,0,1,0,0,1,383
34.133361,-118.265977,0.0,1.0,233,270,24.0,0,1,0,0,0,0,1,0,0,1,181
34.051479,-118.36553799999999,0.0,1.0,234,271,24.0,0,1,0,0,0,0,1,0,0,1,383
34.099538,-118.205499,0.0,1.0,235,272,24.0,0,1,0,0,0,0,1,0,0,1,383
34.097803000000006,-118.320168,0.0,1.0,236,273,24.0,0,1,0,0,0,0,1,0,0,1,383
34.029990000000005,-118.411648,0.0,1.0,237,274,24.0,0,1,0,0,0,0,1,0,0,1,383
34.072409,-118.28374099999999,0.0,1.0,238,275,24.0,0,1,0,0,0,0,1,0,0,1,383
34.072445,-118.28340700000001,0.0,1.0,239,276,24.0,0,1,0,0,0,0,1,0,0,1,383
34.028904,-118.402542,0.0,1.0,240,277,24.0,0,1,0,0,0,0,1,0,0,1,383
34.046057,-118.233975,0.0,1.0,241,278,24.0,0,1,0,0,0,0,0,0,1,1,383
34.047675,-118.385915,0.0,1.0,242,279,24.0,0,1,0,0,0,0,1,0,0,1,383
34.031418,-118.396575,0.0,1.0,243,280,24.0,0,1,0,0,0,0,1,0,0,1,383
34.091053,-118.33596000000001,0.0,18.0,244,281,24.0,0,1,0,0,0,0,1,0,0,1,64
34.181609,-118.536174,0.0,1.0,245,282,24.0,0,1,0,0,0,0,0,0,1,1,181
33.993845,-118.308823,0.0,1.0,246,283,24.0,0,1,0,0,0,0,0,0,1,1,181
34.02728,-118.406714,0.0,1.0,247,284,24.0,0,1,0,0,0,0,1,0,0,1,383
34.074090999999996,-118.205153,0.0,1.0,248,285,24.0,0,1,0,0,0,0,1,0,0,1,383
34.054326,-118.46626499999999,0.0,1.0,249,286,24.0,0,1,0,0,0,0,1,0,0,1,383
34.061032,-118.41736399999999,0.0,2.0,250,287,24.0,0,1,0,0,0,0,1,0,0,1,975
34.247914,-118.46726100000001,0.0,1.0,251,288,24.0,0,1,0,0,0,0,1,0,0,1,383
34.054207,-118.20166499999999,0.0,1.0,252,289,24.0,0,1,0,0,0,0,1,0,0,1,383
34.139539,-118.215736,0.0,1.0,253,290,24.0,0,1,0,0,0,0,1,0,0,1,181
34.050678000000005,-118.36298700000002,0.0,1.0,254,291,24.0,0,1,0,0,0,0,0,0,1,1,181
34.166940999999994,-118.374886,0.0,1.0,255,292,24.0,0,1,0,0,0,0,1,0,0,1,383
34.020981,-118.380251,0.0,1.0,256,293,24.0,0,1,0,0,0,0,1,0,0,1,383
34.072312,-118.164199,0.0,1.0,257,294,24.0,0,1,0,0,0,0,0,0,1,1,181
34.251156,-118.44141499999999,0.0,1.0,258,295,24.0,0,1,0,0,0,0,1,0,0,1,383
34.101986,-118.29828799999999,0.0,1.0,259,296,24.0,0,1,0,0,0,0,0,0,1,1,181
34.053207,-118.40505300000001,0.0,1.0,260,297,24.0,0,1,0,0,0,0,0,0,1,1,181
34.157716,-118.434634,0.0,1.0,261,298,24.0,0,1,0,0,0,0,0,0,1,1,181
34.228730999999996,-118.36348000000001,0.0,1.0,262,299,24.0,0,1,0,0,0,0,1,0,0,1,181
34.200682,-118.534254,0.0,2.0,263,300,24.0,0,1,0,0,0,0,0,0,1,1,975
34.068977000000004,-118.266099,0.0,2.0,264,301,24.0,0,1,0,0,0,0,1,0,0,1,975
34.050762,-118.35135,0.0,1.0,265,302,24.0,0,1,0,0,0,0,1,0,0,1,383
33.933355,-118.37229199999999,0.0,1.0,266,303,24.0,0,1,0,0,0,0,1,0,0,1,383
34.02969,-118.41507800000001,0.0,1.0,267,304,24.0,0,1,0,0,0,0,1,0,0,1,383
34.07873,-118.26208799999999,0.0,1.0,268,305,24.0,0,1,0,0,0,0,1,0,0,1,383
34.159966,-118.369602,0.0,1.0,269,306,24.0,0,1,0,0,0,0,1,0,0,1,383
34.147479,-118.42119,0.0,1.0,270,307,24.0,0,1,0,0,0,0,1,0,0,1,383
33.957322,-118.286895,0.0,1.0,271,308,24.0,0,1,0,0,0,0,1,0,0,1,383
34.172678000000005,-118.439857,0.0,1.0,272,309,24.0,0,1,0,0,0,0,0,0,1,1,181
34.052811,-118.30516999999999,0.0,1.0,273,310,24.0,0,1,0,0,0,0,0,0,1,1,383
34.057893,-118.44318500000001,0.0,1.0,274,311,24.0,0,1,0,0,0,0,1,0,0,1,383
34.160131,-118.371265,0.0,1.0,275,312,24.0,0,1,0,0,0,0,1,0,0,1,383
34.077363,-118.215496,0.0,1.0,276,313,24.0,0,1,0,0,0,0,0,0,1,1,181
34.248290999999995,-118.580446,0.0,2.0,277,314,24.0,0,1,0,0,0,0,0,0,1,1,975
34.248953,-118.580533,0.0,2.0,278,315,24.0,0,1,0,0,0,0,0,0,1,1,975
33.974728999999996,-118.290675,0.0,1.0,279,316,24.0,0,1,0,0,0,0,0,0,1,1,181
33.864826,-118.309021,0.0,1.0,280,317,24.0,0,1,0,0,0,0,1,0,0,1,181
34.248953,-118.580398,0.0,2.0,281,318,24.0,0,1,0,0,0,0,0,0,1,1,975
34.1724,-118.5044,0.0,1.0,282,319,24.0,0,1,0,0,0,0,0,0,1,1,181
33.936823,-118.282719,0.0,1.0,283,320,24.0,0,1,0,0,0,0,1,0,0,1,383
34.049437,-118.26224099999999,0.0,1.0,284,321,24.0,0,1,0,0,0,0,1,0,0,1,975
34.058673999999996,-118.413095,0.0,2.0,285,322,24.0,0,1,0,0,0,0,1,0,0,1,975
34.052952000000005,-118.25393100000001,0.0,1.0,286,323,24.0,0,1,0,0,0,0,1,0,0,1,975
34.170932,-118.53386100000002,0.0,2.0,287,324,24.0,0,1,0,0,0,0,1,0,0,1,975
34.170944,-118.53358899999999,0.0,2.0,288,325,24.0,0,1,0,0,0,0,1,0,0,1,975
34.170867,-118.53383899999999,0.0,2.0,289,326,24.0,0,1,0,0,0,0,1,0,0,1,975
34.170765,-118.53386,0.0,2.0,290,327,24.0,0,1,0,0,0,0,1,0,0,1,975
34.04896,-118.254616,0.0,2.0,291,328,24.0,0,1,0,0,0,0,1,0,0,1,975
34.084,-118.31647,0.0,2.0,292,329,24.0,0,1,0,0,0,0,1,0,0,1,975
34.050967,-118.259147,0.0,2.0,293,330,24.0,0,1,0,0,0,0,1,0,0,1,975
34.040690999999995,-118.266791,0.0,2.0,294,331,24.0,0,1,0,0,0,0,1,0,0,1,975
33.976735999999995,-118.39198700000001,0.0,2.0,295,332,24.0,0,1,0,0,0,0,1,0,0,1,975
33.976023,-118.39193200000001,0.0,2.0,296,333,24.0,0,1,0,0,0,0,1,0,0,1,975
33.975722999999995,-118.390598,0.0,2.0,297,334,24.0,0,1,0,0,0,0,1,0,0,1,975
34.105911,-118.33649399999999,0.0,1.0,298,335,24.0,0,1,0,0,0,0,1,0,0,1,975
34.190922,-118.60424499999999,0.0,1.0,299,336,24.0,0,1,0,0,0,0,1,0,0,1,975
34.198702000000004,-118.605453,0.0,2.0,300,337,24.0,0,1,0,0,0,0,1,0,0,1,975
34.085494,-118.322572,0.0,2.0,301,338,24.0,0,1,0,0,0,0,1,0,0,1,975
33.979085999999995,-118.40601200000002,0.0,2.0,302,339,24.0,0,1,0,0,0,0,1,0,0,1,975
34.050940000000004,-118.25713700000001,0.0,2.0,303,340,24.0,0,1,0,0,0,0,1,0,0,1,975
34.052609000000004,-118.24581,0.0,2.0,304,341,24.0,0,1,0,0,0,0,1,0,0,1,975
34.047971000000004,-118.256332,0.0,2.0,305,342,24.0,0,1,0,0,0,0,1,0,0,1,975
34.043523,-118.25733100000001,0.0,2.0,306,343,24.0,0,1,0,0,0,0,1,0,0,1,975
34.051216,-118.256731,0.0,2.0,307,344,24.0,0,1,0,0,0,0,1,0,0,1,975
33.976657,-118.426225,0.0,2.0,308,345,24.0,0,1,0,0,0,0,1,0,0,1,975
34.024891,-118.37585800000001,0.0,2.0,309,346,24.0,0,1,0,0,0,0,1,0,0,1,975
34.054173,-118.414349,0.0,1.0,310,347,24.0,0,1,0,0,0,0,1,0,0,1,975
34.054149,-118.41436499999999,0.0,1.0,311,348,24.0,0,1,0,0,0,0,1,0,0,1,975
34.177765,-118.60254599999999,0.0,1.0,312,349,24.0,0,1,0,0,0,0,1,0,0,1,975
34.178083,-118.600843,0.0,1.0,313,350,24.0,0,1,0,0,0,0,1,0,0,1,975
34.157131,-118.484614,0.0,2.0,314,351,24.0,0,1,0,0,0,0,1,0,0,1,975
34.048041999999995,-118.524902,0.0,2.0,315,352,24.0,0,1,0,0,0,0,0,0,1,1,975
34.047498,-118.52469099999999,0.0,2.0,316,353,24.0,0,1,0,0,0,0,0,0,1,1,975
34.075390000000006,-118.377407,0.0,2.0,317,354,24.0,0,1,0,0,0,0,1,0,0,1,975
34.046631,-118.262658,0.0,2.0,318,355,24.0,0,1,0,0,0,0,1,0,0,1,975
34.046711,-118.26263700000001,0.0,2.0,319,356,24.0,0,1,0,0,0,0,1,0,0,1,975
34.052255,-118.25801200000001,0.0,2.0,320,357,24.0,0,1,0,0,0,0,1,0,0,1,975
34.103320000000004,-118.325648,0.0,1.0,321,358,24.0,0,1,0,0,0,0,0,0,1,1,975
34.050057,-118.26038500000001,0.0,1.0,322,359,24.0,0,1,0,0,0,0,1,0,0,1,975
33.969679,-118.415494,0.0,1.0,323,360,24.0,0,1,0,0,0,0,1,0,0,1,975
33.978894,-118.393627,0.0,2.0,324,361,24.0,0,1,0,0,0,0,1,0,0,1,975
33.979918,-118.394056,0.0,2.0,325,362,24.0,0,1,0,0,0,0,1,0,0,1,975
33.979014,-118.392977,0.0,2.0,326,363,24.0,0,1,0,0,0,0,0,0,1,1,975
33.969248,-118.41545900000001,0.0,2.0,327,364,24.0,0,1,0,0,0,0,1,0,0,1,975
33.967646,-118.421751,0.0,2.0,328,365,24.0,0,1,0,0,0,0,1,0,0,1,975
34.092991999999995,-118.291028,0.0,2.0,329,366,24.0,0,1,0,0,0,0,1,0,0,1,975
34.050616999999995,-118.259447,0.0,1.0,330,367,24.0,0,1,0,0,0,0,1,0,0,1,975
34.174032000000004,-118.592395,0.0,1.0,331,368,24.0,0,1,0,0,0,0,1,0,0,1,975
34.06156,-118.35157199999999,0.0,2.0,332,369,24.0,0,1,0,0,0,0,1,0,0,1,975
34.050714,-118.260492,0.0,1.0,333,370,24.0,0,1,0,0,0,0,1,0,0,1,975
34.099006,-118.326148,0.0,2.0,334,371,24.0,0,1,0,0,0,0,1,0,0,1,975
34.055625,-118.269713,0.0,2.0,335,372,24.0,0,1,0,0,0,0,1,0,0,1,975
34.048887,-118.445649,0.0,2.0,336,373,24.0,0,1,0,0,0,0,1,0,0,1,975
34.050837,-118.26303200000001,0.0,2.0,337,374,24.0,0,1,0,0,0,0,1,0,0,1,975
34.064721,-118.23789599999999,0.0,1.0,338,375,24.0,0,1,0,0,0,0,0,0,1,1,975
34.030530999999996,-118.38382800000001,0.0,2.0,339,376,24.0,0,1,0,0,0,0,1,0,0,1,975
34.049281,-118.24391100000001,0.0,2.0,340,377,24.0,0,1,0,0,0,0,1,0,0,1,975
34.189265,-118.601848,0.0,2.0,341,378,24.0,0,1,0,0,0,0,1,0,0,1,975
34.189223,-118.601894,0.0,2.0,342,379,24.0,0,1,0,0,0,0,1,0,0,1,975
34.055486,-118.25388899999999,0.0,2.0,343,380,24.0,0,1,0,0,0,0,1,0,0,1,975
34.031509,-118.400093,0.0,1.0,344,381,24.0,0,1,0,0,0,0,1,0,0,1,975
34.051401,-118.25693999999999,0.0,1.0,345,382,24.0,0,1,0,0,0,0,1,0,0,1,975
34.052515,-118.252926,0.0,2.0,346,383,24.0,0,1,0,0,0,0,1,0,0,1,975
34.053311,-118.25221599999999,0.0,2.0,347,384,24.0,0,1,0,0,0,0,1,0,0,1,975
33.956548,-118.417146,0.0,2.0,348,385,24.0,0,1,0,0,0,0,1,0,0,1,975
34.028365,-118.270544,0.0,1.0,349,386,24.0,0,1,0,0,0,0,0,0,1,1,975
34.049721999999996,-118.25565,0.0,2.0,350,387,24.0,0,1,0,0,0,0,1,0,0,1,975
34.020286,-118.423868,0.0,2.0,351,388,24.0,0,1,0,0,0,0,1,0,0,1,975
34.028345,-118.270541,0.0,2.0,352,389,24.0,0,1,0,0,0,0,0,0,1,1,975
34.056837,-118.41888999999999,0.0,2.0,353,390,24.0,0,1,0,0,0,0,1,0,0,1,975
34.06235,-118.36215800000001,0.0,2.0,354,391,24.0,0,1,0,0,0,0,0,0,1,1,975
33.982566,-118.40531100000001,0.0,2.0,355,392,24.0,0,1,0,0,0,0,1,0,0,1,975
34.061698,-118.41658600000001,0.0,2.0,356,393,24.0,0,1,0,0,0,0,1,0,0,1,975
34.03362,-118.24075400000001,0.0,2.0,357,394,24.0,0,1,0,0,0,0,1,0,0,1,975
34.169051,-118.500602,0.0,2.0,358,395,24.0,0,1,0,0,0,0,1,0,0,1,975
34.054281,-118.41407199999999,0.0,2.0,359,396,24.0,0,1,0,0,0,0,1,0,0,1,975
34.061918,-118.343167,0.0,1.0,360,397,24.0,0,1,0,0,0,0,1,0,0,1,975
34.032751,-118.456879,0.0,2.0,361,398,24.0,0,1,0,0,0,0,1,0,0,1,975
34.138937,-118.360574,0.0,2.0,362,399,24.0,0,1,0,0,0,0,1,0,0,1,975
34.044839,-118.25,0.0,2.0,363,400,24.0,0,1,0,0,0,0,1,0,0,1,975
34.066463,-118.43083899999999,0.0,2.0,364,401,0.0,0,1,0,0,0,0,1,0,0,1,975
34.065802000000005,-118.429724,0.0,2.0,365,402,24.0,0,1,0,0,0,0,1,0,0,1,975
34.062462,-118.29083200000001,0.0,2.0,366,403,24.0,0,1,0,0,0,0,1,0,0,1,975
34.038734999999996,-118.269079,0.0,2.0,367,404,24.0,0,1,0,0,0,0,1,0,0,1,975
34.038951000000004,-118.26892600000001,0.0,2.0,368,405,24.0,0,1,0,0,0,0,1,0,0,1,975
34.045028,-118.265755,0.0,2.0,369,406,24.0,0,1,0,0,0,0,1,0,0,1,975
34.143679,-118.341613,0.0,2.0,370,407,24.0,0,1,0,0,0,0,1,0,0,1,975
34.088574,-118.333497,0.0,2.0,371,408,24.0,0,1,0,0,0,0,1,0,0,1,975
34.088808,-118.33393999999998,0.0,2.0,372,409,24.0,0,1,0,0,0,0,1,0,0,1,975
34.03589,-118.23163400000001,0.0,2.0,373,410,24.0,0,1,0,0,0,0,0,0,1,1,975
34.033832000000004,-118.228651,0.0,2.0,374,411,24.0,0,1,0,0,0,0,0,0,1,1,975
34.024888,-118.3759,0.0,2.0,375,412,24.0,0,1,0,0,0,0,1,0,0,1,975
34.053243,-118.252277,0.0,2.0,376,413,24.0,0,1,0,0,0,0,1,0,0,1,975
34.05267,-118.24852800000001,0.0,2.0,377,414,24.0,0,1,0,0,0,0,1,0,0,1,975
34.099242,-118.326218,0.0,2.0,378,415,24.0,0,1,0,0,0,0,0,0,1,1,975
34.235201,-118.46618000000001,0.0,1.0,379,416,24.0,0,1,0,0,0,0,0,0,1,1,975
34.158389,-118.495438,0.0,2.0,380,417,24.0,0,1,0,0,0,0,1,0,0,1,975
33.798125,-118.30686100000001,0.0,1.0,381,418,24.0,0,1,0,0,0,0,1,0,0,1,975
34.050051,-118.253331,0.0,2.0,382,419,24.0,0,1,0,0,0,0,1,0,0,1,975
34.063868,-118.353338,0.0,2.0,383,420,24.0,0,1,0,0,0,0,1,0,0,1,975
34.061314,-118.413583,0.0,2.0,384,421,24.0,0,1,0,0,0,0,1,0,0,1,975
34.191561,-118.594121,0.0,2.0,385,422,24.0,0,1,0,0,0,0,1,0,0,1,975
34.049507,-118.26217,0.0,2.0,386,423,24.0,0,1,0,0,0,0,1,0,0,1,975
34.045767,-118.444391,0.0,2.0,387,424,24.0,0,1,0,0,0,0,1,0,0,1,975
34.087395,-118.315224,0.0,2.0,388,425,24.0,0,1,0,0,0,0,0,0,1,1,975
33.976766,-118.39165,0.0,2.0,389,426,24.0,0,1,0,0,0,0,1,0,0,1,975
34.174372,-118.593999,0.0,1.0,390,427,24.0,0,1,0,0,0,0,1,0,0,1,975
34.051277,-118.251323,0.0,2.0,391,428,24.0,0,1,0,0,0,0,1,0,0,1,975
34.062051000000004,-118.35807,0.0,2.0,392,429,24.0,0,1,0,0,0,0,1,0,0,1,975
34.088295,-118.32931299999998,0.0,2.0,393,430,24.0,0,1,0,0,0,0,1,0,0,1,975
33.974519,-118.430176,0.0,2.0,394,431,24.0,0,1,0,0,0,0,1,0,0,1,975
34.139369,-118.21689599999999,0.0,2.0,395,432,24.0,0,1,0,0,0,0,1,0,0,1,975
34.050922,-118.25463400000001,0.0,2.0,396,433,24.0,0,1,0,0,0,0,1,0,0,1,975
34.057353000000006,-118.253932,0.0,1.0,397,434,24.0,0,1,0,0,0,0,0,0,1,1,975
34.036431,-118.434854,0.0,1.0,398,435,24.0,0,1,0,0,0,0,0,0,1,1,181
34.066734999999994,-118.46054299999999,0.0,1.0,399,436,24.0,0,1,0,0,0,0,0,0,1,1,181
34.059976,-118.28286200000001,0.0,1.0,400,437,24.0,0,1,0,0,0,0,1,0,0,1,181
34.073312,-118.258882,0.0,1.0,401,438,24.0,0,1,0,0,0,0,0,0,1,1,181
33.974585999999995,-118.27491699999999,0.0,1.0,402,439,24.0,0,1,0,0,0,0,0,0,1,1,181
34.069362,-118.26433700000001,0.0,1.0,403,440,24.0,0,1,0,0,0,0,0,0,1,1,181
34.082260999999995,-118.344168,0.0,1.0,404,441,24.0,0,1,0,0,0,0,0,0,1,1,181
34.185291,-118.46631799999999,0.0,1.0,405,442,24.0,0,1,0,0,0,0,1,0,0,1,383
34.059902,-118.469274,0.0,6.0,406,443,24.0,0,1,0,0,0,0,1,0,0,1,11
33.956266,-118.41731399999999,0.0,8.0,407,444,24.0,0,1,0,0,0,0,1,0,0,1,11
34.043355,-118.259652,0.0,2.0,408,445,24.0,0,1,0,0,0,0,1,0,0,1,11
33.991126,-118.25653700000001,0.0,1.0,409,446,24.0,0,1,0,0,0,0,1,0,0,1,181
34.064652,-118.300288,0.0,1.0,410,447,24.0,0,1,0,0,0,0,0,0,1,1,181
34.159757,-118.50120600000001,0.0,1.0,411,448,24.0,0,1,0,0,0,0,0,0,1,1,181
34.052198,-118.24847199999999,0.0,1.0,412,449,24.0,0,1,0,0,0,0,0,0,1,1,181
34.134504,-118.36018999999999,0.0,1.0,413,450,24.0,0,1,0,0,0,0,0,0,1,1,181
34.160367,-118.37089399999999,0.0,1.0,414,451,24.0,0,1,0,0,0,0,1,0,0,1,975
34.259347,-118.432873,0.0,1.0,415,452,24.0,0,1,0,0,0,0,0,0,1,1,975
34.015726,-118.334977,0.0,1.0,416,453,24.0,0,1,0,0,0,0,0,0,1,1,975
34.08753,-118.175698,0.0,1.0,417,454,24.0,0,1,0,0,0,0,0,0,1,1,975
34.258590000000005,-118.302398,0.0,1.0,418,455,24.0,0,1,0,0,0,0,0,0,1,1,975
34.039842,-118.31108400000001,0.0,1.0,419,456,24.0,0,1,0,0,0,0,0,0,1,1,975
34.170437,-118.37049099999999,0.0,1.0,420,457,24.0,0,1,0,0,0,0,1,0,0,1,975
34.235369,-118.561866,0.0,1.0,421,458,24.0,0,1,0,0,0,0,1,0,0,1,975
34.194396999999995,-118.47506899999999,0.0,1.0,422,459,24.0,0,1,0,0,0,0,0,0,1,1,975
34.239218,-118.41161100000001,0.0,1.0,423,460,24.0,0,1,0,0,0,0,0,0,1,1,975
34.242672999999996,-118.535569,0.0,1.0,424,461,24.0,0,1,0,0,0,0,0,0,1,1,975
34.193181,-118.54493000000001,0.0,1.0,425,462,24.0,0,1,0,0,0,0,1,0,0,1,975
34.094383,-118.330583,0.0,1.0,426,463,24.0,0,1,0,0,0,0,0,0,1,1,975
33.797702,-118.306903,0.0,1.0,427,464,24.0,0,1,0,0,0,0,0,0,1,1,975
33.97325,-118.331002,0.0,1.0,428,465,24.0,0,1,0,0,0,0,0,0,1,1,975
34.159136,-118.396657,0.0,1.0,429,466,24.0,0,1,0,0,0,0,0,0,1,1,975
34.022369,-118.28071499999999,0.0,1.0,430,467,24.0,0,1,0,0,0,0,1,0,0,1,975
33.944812,-118.246128,0.0,1.0,431,468,24.0,0,1,0,0,0,0,0,0,1,1,975
34.047854,-118.246847,0.0,1.0,432,469,24.0,0,1,0,0,0,0,0,0,1,1,975
34.089131,-118.342207,0.0,4.0,433,470,24.0,0,1,0,0,0,0,1,0,0,1,64
34.06908,-118.30226200000001,0.0,1.0,434,471,24.0,0,1,0,0,0,0,1,0,0,1,383
34.100254,-118.325349,0.0,2.0,435,472,24.0,0,1,0,0,0,0,1,0,0,1,975
34.052541999999995,-118.448504,1.0,6.0,1,473,24.0,0,1,0,0,0,0,1,0,0,0,92
34.094996,-118.28245,0.0,1.0,1,474,24.0,0,1,0,0,0,0,1,0,0,1,92
34.100719,-118.329623,0.0,1.0,436,475,24.0,0,1,0,0,0,0,1,0,0,1,383
34.040612,-118.26468600000001,0.0,1.0,437,476,24.0,0,1,0,0,0,0,1,0,0,1,975
34.104975,-118.184845,0.0,1.0,438,477,24.0,0,1,0,0,0,0,1,0,0,1,383
34.0238256,-118.24076559999999,1.0,2.0,439,478,0.0,0,1,0,0,0,0,1,0,0,0,11
34.053858,-118.37705700000001,0.0,3.0,440,479,24.0,0,1,0,0,0,0,1,0,0,1,11
33.98814,-118.36780900000001,0.0,2.0,441,480,24.0,0,1,0,0,0,0,1,0,0,1,64
34.058223999999996,-118.24101,0.0,1.0,442,481,24.0,0,1,0,0,0,0,1,0,0,1,975
34.033065,-118.24029399999999,0.0,0.0,443,128,24.0,0,0,0,0,0,1,1,0,0,1,6
34.057727,-118.241107,0.0,1.0,444,482,24.0,0,1,0,0,0,0,1,0,0,1,975
34.275535,-118.572046,0.0,1.0,445,483,24.0,0,1,0,0,0,0,1,0,0,1,975
34.170109000000004,-118.60790800000001,0.0,1.0,446,484,24.0,0,1,0,0,0,0,1,0,0,1,975
34.045146,-118.261928,0.0,1.0,447,485,24.0,0,1,0,0,0,0,0,0,1,1,181
34.087303000000006,-118.343645,0.0,2.0,448,486,24.0,0,1,0,0,0,0,0,1,0,1,181
34.03763,-118.44093600000001,0.0,1.0,449,487,24.0,0,1,0,0,0,0,0,0,1,1,181
34.10459,-118.201828,0.0,1.0,450,488,24.0,0,1,0,0,0,0,0,0,1,1,181
34.055817,-118.249152,0.0,1.0,451,489,24.0,0,1,0,0,0,0,0,0,1,1,181
34.156515,-118.39240600000001,0.0,1.0,452,490,24.0,0,1,0,0,0,0,1,0,0,1,975
34.06471,-118.447506,0.0,6.0,12,491,0.0,0,1,0,0,0,0,1,0,0,1,92
34.073943,-118.442876,0.0,2.0,12,492,0.0,0,1,0,0,0,0,1,0,0,1,92
34.059973,-118.447749,0.0,4.0,12,493,0.0,0,1,0,0,0,0,1,0,0,1,92
34.073885,-118.44965400000001,0.0,4.0,12,494,0.0,0,1,0,0,0,0,1,0,0,1,92
34.063368,-118.43290900000001,0.0,1.0,453,495,24.0,0,1,0,0,0,0,1,0,0,1,975
34.09825,-118.293401,0.0,1.0,454,496,24.0,0,1,0,0,0,0,1,0,0,1,383
34.063309999999994,-118.23718000000001,0.0,0.0,455,497,24.0,0,0,1,0,0,0,1,0,0,1,5
34.053051,-118.24180600000001,0.0,27.0,456,498,24.0,0,1,0,0,0,0,1,0,0,1,181
34.053051,-118.24180600000001,0.0,18.0,457,499,24.0,0,1,0,0,0,0,1,0,0,1,181
34.053051,-118.24180600000001,0.0,22.0,458,500,24.0,0,1,0,0,0,0,1,0,0,1,181
33.947022,-118.381772,0.0,20.0,459,501,24.0,0,1,0,0,0,0,1,0,0,1,34
34.038332000000004,-118.26167199999999,0.0,1.0,460,502,24.0,0,1,0,0,0,0,1,0,0,1,383
34.053990999999996,-118.42996699999999,0.0,2.0,461,503,24.0,0,1,0,0,0,0,1,0,0,1,975
34.068945,-118.26606899999999,0.0,2.0,462,504,24.0,0,1,0,0,0,0,1,0,0,1,975
34.248413,-118.58046599999999,0.0,2.0,463,505,24.0,0,1,0,0,0,0,0,0,1,1,975
34.248482,-118.580621,0.0,2.0,464,506,24.0,0,1,0,0,0,0,1,0,0,1,975
34.248451,-118.580626,0.0,2.0,465,507,24.0,0,1,0,0,0,0,0,0,1,1,975
34.248571000000005,-118.580951,0.0,2.0,466,508,24.0,0,1,0,0,0,0,0,0,1,1,975
34.248358,-118.580471,0.0,1.0,467,509,24.0,0,1,0,0,0,0,1,0,0,1,975
34.049482,-118.262197,0.0,1.0,468,510,24.0,0,1,0,0,0,0,1,0,0,1,975
34.049468,-118.262212,0.0,1.0,469,511,24.0,0,1,0,0,0,0,1,0,0,1,975
34.049451,-118.262226,0.0,1.0,470,512,24.0,0,1,0,0,0,0,1,0,0,1,975
34.058653,-118.413122,0.0,2.0,471,513,24.0,0,1,0,0,0,0,1,0,0,1,975
34.058687,-118.413073,0.0,1.0,472,514,24.0,0,1,0,0,0,0,1,0,0,1,975
34.058713,-118.413027,0.0,1.0,473,515,24.0,0,1,0,0,0,0,1,0,0,1,975
34.058737,-118.41299,0.0,1.0,474,516,24.0,0,1,0,0,0,0,1,0,0,1,975
34.058727000000005,-118.41301100000001,0.0,2.0,475,517,24.0,0,1,0,0,0,0,1,0,0,1,975
34.171063000000004,-118.533598,0.0,2.0,476,518,24.0,0,1,0,0,0,0,1,0,0,1,975
34.170947999999996,-118.533876,0.0,2.0,477,519,24.0,0,1,0,0,0,0,1,0,0,1,975
34.171034999999996,-118.5336,0.0,2.0,478,520,24.0,0,1,0,0,0,0,1,0,0,1,975
34.171095,-118.533601,0.0,2.0,479,521,24.0,0,1,0,0,0,0,1,0,0,1,975
34.171119,-118.53363,0.0,2.0,480,522,24.0,0,1,0,0,0,0,1,0,0,1,975
34.171061,-118.533644,0.0,2.0,481,523,24.0,0,1,0,0,0,0,1,0,0,1,975
34.171048,-118.53363799999998,0.0,2.0,482,524,24.0,0,1,0,0,0,0,1,0,0,1,975
34.171002,-118.53361299999999,0.0,2.0,483,525,24.0,0,1,0,0,0,0,1,0,0,1,975
34.171063000000004,-118.533626,0.0,2.0,484,526,24.0,0,1,0,0,0,0,1,0,0,1,975
34.170888,-118.53383999999998,0.0,2.0,485,527,24.0,0,1,0,0,0,0,1,0,0,1,975
34.170854,-118.53383899999999,0.0,2.0,486,528,24.0,0,1,0,0,0,0,1,0,0,1,975
34.084003,-118.31926000000001,0.0,2.0,487,529,24.0,0,1,0,0,0,0,1,0,0,1,975
34.084406,-118.319612,0.0,2.0,488,530,24.0,0,1,0,0,0,0,1,0,0,1,975
34.084053000000004,-118.31647,0.0,2.0,489,531,24.0,0,1,0,0,0,0,1,0,0,1,975
34.040515,-118.266686,0.0,2.0,490,532,24.0,0,1,0,0,0,0,1,0,0,1,975
34.041013,-118.26664299999999,0.0,1.0,491,533,24.0,0,1,0,0,0,0,0,0,1,1,975
34.040551,-118.266651,0.0,2.0,492,534,24.0,0,1,0,0,0,0,1,0,0,1,975
34.040652,-118.266847,0.0,1.0,493,535,24.0,0,1,0,0,0,0,0,0,1,1,975
34.041093,-118.266577,0.0,1.0,494,536,24.0,0,1,0,0,0,0,1,0,0,1,975
33.976775,-118.39170800000001,0.0,2.0,495,537,24.0,0,1,0,0,0,0,1,0,0,1,975
33.976738,-118.391843,0.0,2.0,496,538,24.0,0,1,0,0,0,0,1,0,0,1,975
33.976759,-118.391974,0.0,2.0,497,539,24.0,0,1,0,0,0,0,1,0,0,1,975
33.976007,-118.391924,0.0,2.0,498,540,24.0,0,1,0,0,0,0,1,0,0,1,975
33.976054,-118.391897,0.0,2.0,499,541,24.0,0,1,0,0,0,0,1,0,0,1,975
33.976046999999994,-118.391893,0.0,2.0,500,542,24.0,0,1,0,0,0,0,1,0,0,1,975
33.975943,-118.391926,0.0,2.0,501,543,24.0,0,1,0,0,0,0,1,0,0,1,975
33.975921,-118.39190500000001,0.0,2.0,502,544,24.0,0,1,0,0,0,0,1,0,0,1,975
33.975659,-118.39073300000001,0.0,2.0,503,545,24.0,0,1,0,0,0,0,1,0,0,1,975
33.975259,-118.390775,0.0,2.0,504,546,24.0,0,1,0,0,0,0,1,0,0,1,975
33.975441,-118.390727,0.0,2.0,505,547,24.0,0,1,0,0,0,0,1,0,0,1,975
34.047382,-118.336076,0.0,2.0,506,548,24.0,0,1,0,0,0,0,1,0,0,1,975
34.047408000000004,-118.336161,0.0,1.0,507,549,24.0,0,1,0,0,0,0,1,0,0,1,975
34.105902,-118.336344,0.0,1.0,508,550,24.0,0,1,0,0,0,0,1,0,0,1,975
34.102674,-118.33638300000001,0.0,1.0,509,551,24.0,0,1,0,0,0,0,1,0,0,1,975
34.085484,-118.32258700000001,0.0,2.0,510,552,24.0,0,1,0,0,0,0,1,0,0,1,975
33.979121,-118.40591599999999,0.0,2.0,511,553,24.0,0,1,0,0,0,0,1,0,0,1,975
33.979107,-118.40596699999999,0.0,2.0,512,554,24.0,0,1,0,0,0,0,1,0,0,1,975
34.052256,-118.245947,0.0,2.0,513,555,24.0,0,1,0,0,0,0,1,0,0,1,975
34.048120000000004,-118.256534,0.0,2.0,514,556,24.0,0,1,0,0,0,0,1,0,0,1,975
34.043551,-118.25736599999999,0.0,2.0,515,557,24.0,0,1,0,0,0,0,1,0,0,1,975
34.051598999999996,-118.257021,0.0,1.0,516,558,24.0,0,1,0,0,0,0,1,0,0,1,975
34.051589,-118.25700800000001,0.0,2.0,517,559,24.0,0,1,0,0,0,0,1,0,0,1,975
34.05158,-118.256993,0.0,1.0,518,560,24.0,0,1,0,0,0,0,1,0,0,1,975
34.051355,-118.257042,0.0,1.0,519,561,24.0,0,1,0,0,0,0,1,0,0,1,975
33.976622,-118.42621299999999,0.0,2.0,520,562,24.0,0,1,0,0,0,0,1,0,0,1,975
33.97659,-118.42619499999999,0.0,2.0,521,563,24.0,0,1,0,0,0,0,1,0,0,1,975
34.024885999999995,-118.37578899999998,0.0,2.0,522,564,24.0,0,1,0,0,0,0,1,0,0,1,975
34.024891,-118.375749,0.0,2.0,523,565,24.0,0,1,0,0,0,0,1,0,0,1,975
34.024892,-118.375832,0.0,2.0,524,566,24.0,0,1,0,0,0,0,1,0,0,1,975
34.05425,-118.414093,0.0,2.0,525,567,24.0,0,1,0,0,0,0,1,0,0,1,975
34.177754,-118.60244099999998,0.0,1.0,526,568,24.0,0,1,0,0,0,0,1,0,0,1,975
34.177786,-118.60244499999999,0.0,1.0,527,569,24.0,0,1,0,0,0,0,1,0,0,1,975
34.177793,-118.602507,0.0,1.0,528,570,24.0,0,1,0,0,0,0,1,0,0,1,975
34.178154,-118.600936,0.0,1.0,529,571,24.0,0,1,0,0,0,0,1,0,0,1,975
34.178087,-118.60090100000001,0.0,1.0,530,572,24.0,0,1,0,0,0,0,1,0,0,1,975
34.177847,-118.60066200000001,0.0,1.0,531,573,24.0,0,1,0,0,0,0,1,0,0,1,975
34.157101000000004,-118.484622,0.0,2.0,532,574,24.0,0,1,0,0,0,0,1,0,0,1,975
34.048072999999995,-118.524685,0.0,2.0,533,575,24.0,0,1,0,0,0,0,0,0,1,1,975
34.047613,-118.524841,0.0,2.0,534,576,24.0,0,1,0,0,0,0,0,0,1,1,975
34.04763,-118.524647,0.0,2.0,535,577,24.0,0,1,0,0,0,0,0,0,1,1,975
34.047672999999996,-118.524717,0.0,2.0,536,578,24.0,0,1,0,0,0,0,0,0,1,1,975
34.047539,-118.52474,0.0,2.0,537,579,24.0,0,1,0,0,0,0,0,0,1,1,975
34.047573,-118.52478899999998,0.0,2.0,538,580,24.0,0,1,0,0,0,0,0,0,1,1,975
34.047771999999995,-118.524749,0.0,1.0,539,581,24.0,0,1,0,0,0,0,0,0,1,1,975
34.047908,-118.524555,0.0,2.0,540,582,24.0,0,1,0,0,0,0,0,0,1,1,975
34.075427000000005,-118.37736399999999,0.0,2.0,541,583,24.0,0,1,0,0,0,0,1,0,0,1,975
34.075443,-118.377245,0.0,2.0,542,584,24.0,0,1,0,0,0,0,1,0,0,1,975
34.075396000000005,-118.37738200000001,0.0,2.0,543,585,24.0,0,1,0,0,0,0,1,0,0,1,975
34.075426,-118.37738999999999,0.0,2.0,544,586,24.0,0,1,0,0,0,0,1,0,0,1,975
34.075472999999995,-118.37732199999999,0.0,2.0,545,587,24.0,0,1,0,0,0,0,1,0,0,1,975
34.075346,-118.37743600000002,0.0,2.0,546,588,24.0,0,1,0,0,0,0,1,0,0,1,975
34.075459,-118.377412,0.0,2.0,547,589,24.0,0,1,0,0,0,0,1,0,0,1,975
34.046640000000004,-118.262755,0.0,2.0,548,590,24.0,0,1,0,0,0,0,1,0,0,1,975
34.046684,-118.26268,0.0,2.0,549,591,24.0,0,1,0,0,0,0,1,0,0,1,975
34.052197,-118.25795,0.0,1.0,550,592,24.0,0,1,0,0,0,0,1,0,0,1,975
34.052119,-118.258053,0.0,1.0,551,593,24.0,0,1,0,0,0,0,1,0,0,1,975
34.05011,-118.260449,0.0,1.0,552,594,24.0,0,1,0,0,0,0,1,0,0,1,975
34.050057,-118.26046000000001,0.0,1.0,553,595,24.0,0,1,0,0,0,0,1,0,0,1,975
34.050661,-118.26038,0.0,1.0,554,596,24.0,0,1,0,0,0,0,1,0,0,1,975
34.050394,-118.259996,0.0,1.0,555,597,24.0,0,1,0,0,0,0,1,0,0,1,975
34.050571999999995,-118.26026399999999,0.0,1.0,556,598,24.0,0,1,0,0,0,0,1,0,0,1,975
34.050501000000004,-118.260143,0.0,1.0,557,599,24.0,0,1,0,0,0,0,1,0,0,1,975
34.050652,-118.26038500000001,0.0,1.0,558,600,24.0,0,1,0,0,0,0,1,0,0,1,975
34.06113,-118.41518,0.0,2.0,559,601,24.0,0,1,0,0,0,0,1,0,0,1,975
34.061158,-118.415062,0.0,2.0,560,602,24.0,0,1,0,0,0,0,1,0,0,1,975
34.061177,-118.41503200000001,0.0,2.0,561,603,24.0,0,1,0,0,0,0,1,0,0,1,975
34.061231,-118.415043,0.0,2.0,562,604,24.0,0,1,0,0,0,0,1,0,0,1,975
34.061194,-118.415007,0.0,2.0,563,605,24.0,0,1,0,0,0,0,1,0,0,1,975
34.061488,-118.414873,0.0,1.0,564,606,24.0,0,1,0,0,0,0,1,0,0,1,975
34.06147,-118.414905,0.0,1.0,565,607,24.0,0,1,0,0,0,0,1,0,0,1,975
34.061214,-118.41506000000001,0.0,2.0,566,608,24.0,0,1,0,0,0,0,1,0,0,1,975
34.052169,-118.25473799999999,0.0,1.0,567,609,24.0,0,1,0,0,0,0,1,0,0,1,975
33.969722,-118.415504,0.0,2.0,568,610,24.0,0,1,0,0,0,0,1,0,0,1,975
33.969737,-118.4155,0.0,2.0,569,611,24.0,0,1,0,0,0,0,1,0,0,1,975
33.969772999999996,-118.415504,0.0,2.0,570,612,24.0,0,1,0,0,0,0,1,0,0,1,975
33.97889,-118.39376100000001,0.0,2.0,571,613,24.0,0,1,0,0,0,0,1,0,0,1,975
33.978867,-118.393304,0.0,2.0,572,614,24.0,0,1,0,0,0,0,0,0,1,1,975
33.978843,-118.393275,0.0,2.0,573,615,24.0,0,1,0,0,0,0,1,0,0,1,975
33.969269,-118.41571499999999,0.0,2.0,574,616,24.0,0,1,0,0,0,0,1,0,0,1,975
33.969266,-118.415531,0.0,2.0,575,617,24.0,0,1,0,0,0,0,1,0,0,1,975
33.969296,-118.41546399999999,0.0,2.0,576,618,24.0,0,1,0,0,0,0,1,0,0,1,975
33.969252000000004,-118.41554599999999,0.0,2.0,577,619,24.0,0,1,0,0,0,0,1,0,0,1,975
33.969321,-118.415516,0.0,2.0,578,620,24.0,0,1,0,0,0,0,1,0,0,1,975
34.059596,-118.41391000000002,0.0,1.0,579,621,24.0,0,1,0,0,0,0,1,0,0,1,975
34.059624,-118.41386399999999,0.0,1.0,580,622,24.0,0,1,0,0,0,0,1,0,0,1,975
34.059609,-118.41389,0.0,2.0,581,623,24.0,0,1,0,0,0,0,1,0,0,1,975
33.967594,-118.42175900000001,0.0,2.0,582,624,24.0,0,1,0,0,0,0,1,0,0,1,975
33.96765,-118.421799,0.0,2.0,583,625,24.0,0,1,0,0,0,0,1,0,0,1,975
34.092999,-118.291051,0.0,1.0,584,626,24.0,0,1,0,0,0,0,1,0,0,1,975
34.050621,-118.25943799999999,0.0,1.0,585,627,24.0,0,1,0,0,0,0,1,0,0,1,975
34.050989,-118.259133,0.0,2.0,586,628,24.0,0,1,0,0,0,0,1,0,0,1,975
34.051010999999995,-118.259115,0.0,2.0,587,629,24.0,0,1,0,0,0,0,1,0,0,1,975
34.050627,-118.259424,0.0,2.0,588,630,24.0,0,1,0,0,0,0,1,0,0,1,975
34.174031,-118.592418,0.0,1.0,589,631,24.0,0,1,0,0,0,0,1,0,0,1,975
34.061551,-118.351532,0.0,2.0,590,632,24.0,0,1,0,0,0,0,1,0,0,1,975
34.061522,-118.35143000000001,0.0,2.0,591,633,24.0,0,1,0,0,0,0,1,0,0,1,975
34.050771000000005,-118.26051100000001,0.0,1.0,592,634,24.0,0,1,0,0,0,0,1,0,0,1,975
34.055448999999996,-118.26957900000001,0.0,1.0,593,635,24.0,0,1,0,0,0,0,1,0,0,1,975
34.048869,-118.445697,0.0,2.0,594,636,24.0,0,1,0,0,0,0,1,0,0,1,975
34.048813,-118.44578700000001,0.0,2.0,595,637,24.0,0,1,0,0,0,0,1,0,0,1,975
34.048836,-118.44573999999999,0.0,2.0,596,638,24.0,0,1,0,0,0,0,1,0,0,1,975
34.050829,-118.26303999999999,0.0,2.0,597,639,24.0,0,1,0,0,0,0,1,0,0,1,975
34.053897,-118.253235,0.0,2.0,598,640,24.0,0,1,0,0,0,0,1,0,0,1,975
34.189303,-118.601753,0.0,2.0,599,641,24.0,0,1,0,0,0,0,1,0,0,1,975
34.031518,-118.400108,0.0,2.0,600,642,24.0,0,1,0,0,0,0,1,0,0,1,975
34.052541,-118.25296599999999,0.0,2.0,601,643,24.0,0,1,0,0,0,0,1,0,0,1,975
34.052572,-118.252886,0.0,2.0,602,644,24.0,0,1,0,0,0,0,1,0,0,1,975
34.058414,-118.41409099999998,0.0,2.0,603,645,24.0,0,1,0,0,0,0,1,0,0,1,975
34.053259000000004,-118.25221699999999,0.0,2.0,604,646,24.0,0,1,0,0,0,0,1,0,0,1,975
33.956532,-118.41718600000002,0.0,2.0,605,647,24.0,0,1,0,0,0,0,1,0,0,1,975
33.956461,-118.417299,0.0,2.0,606,648,24.0,0,1,0,0,0,0,1,0,0,1,975
33.956497,-118.417248,0.0,2.0,607,649,24.0,0,1,0,0,0,0,1,0,0,1,975
34.028396,-118.270531,0.0,1.0,608,650,24.0,0,1,0,0,0,0,0,0,1,1,975
34.028392,-118.27056,0.0,2.0,609,651,24.0,0,1,0,0,0,0,0,0,1,1,975
34.028259000000006,-118.270651,0.0,2.0,610,652,24.0,0,1,0,0,0,0,0,0,1,1,975
34.028308,-118.270743,0.0,2.0,611,653,24.0,0,1,0,0,0,0,0,0,1,1,975
34.028405,-118.270547,0.0,2.0,612,654,24.0,0,1,0,0,0,0,0,0,1,1,975
34.028252,-118.270536,0.0,2.0,613,655,24.0,0,1,0,0,0,0,0,0,1,1,975
34.028352000000005,-118.270826,0.0,2.0,614,656,24.0,0,1,0,0,0,0,0,0,1,1,975
34.028261,-118.2706,0.0,2.0,615,657,24.0,0,1,0,0,0,0,0,0,1,1,975
34.028265000000005,-118.270651,0.0,2.0,616,658,24.0,0,1,0,0,0,0,0,0,1,1,975
34.02825,-118.270604,0.0,2.0,617,659,24.0,0,1,0,0,0,0,0,0,1,1,975
34.028414,-118.270523,0.0,2.0,618,660,24.0,0,1,0,0,0,0,0,0,1,1,975
34.049646,-118.256005,0.0,2.0,619,661,24.0,0,1,0,0,0,0,1,0,0,1,975
34.049732,-118.25605800000001,0.0,2.0,620,662,24.0,0,1,0,0,0,0,1,0,0,1,975
34.020307,-118.423795,0.0,2.0,621,663,24.0,0,1,0,0,0,0,1,0,0,1,975
33.982548,-118.40535700000001,0.0,2.0,622,664,24.0,0,1,0,0,0,0,1,0,0,1,975
33.982525,-118.40540800000001,0.0,2.0,623,665,24.0,0,1,0,0,0,0,1,0,0,1,975
33.982557,-118.40533300000001,0.0,2.0,624,666,24.0,0,1,0,0,0,0,1,0,0,1,975
33.982535999999996,-118.40538000000001,0.0,2.0,625,667,24.0,0,1,0,0,0,0,1,0,0,1,975
34.06165,-118.41666200000002,0.0,2.0,626,668,24.0,0,1,0,0,0,0,0,0,1,1,975
34.061667,-118.41664399999999,0.0,2.0,627,669,24.0,0,1,0,0,0,0,0,0,1,1,975
34.061686,-118.416606,0.0,2.0,628,670,24.0,0,1,0,0,0,0,1,0,0,1,975
34.169456,-118.500642,0.0,2.0,629,671,24.0,0,1,0,0,0,0,1,0,0,1,975
34.054307,-118.41405300000001,0.0,2.0,630,672,24.0,0,1,0,0,0,0,1,0,0,1,975
34.054338,-118.41403799999999,0.0,2.0,631,673,24.0,0,1,0,0,0,0,1,0,0,1,975
34.05442,-118.413978,0.0,2.0,632,674,24.0,0,1,0,0,0,0,1,0,0,1,975
34.054395,-118.41399799999999,0.0,2.0,633,675,24.0,0,1,0,0,0,0,1,0,0,1,975
34.054364,-118.414018,0.0,2.0,634,676,24.0,0,1,0,0,0,0,1,0,0,1,975
34.061969,-118.343172,0.0,2.0,635,677,24.0,0,1,0,0,0,0,1,0,0,1,975
34.061952000000005,-118.343194,0.0,2.0,636,678,24.0,0,1,0,0,0,0,1,0,0,1,975
34.032732,-118.456898,0.0,2.0,637,679,24.0,0,1,0,0,0,0,0,0,1,1,975
34.138948,-118.36055,0.0,2.0,638,680,24.0,0,1,0,0,0,0,1,0,0,1,975
34.138937,-118.360597,0.0,2.0,639,681,24.0,0,1,0,0,0,0,1,0,0,1,975
34.04483,-118.249994,0.0,1.0,640,682,24.0,0,1,0,0,0,0,1,0,0,1,975
34.065891,-118.429915,0.0,2.0,641,683,24.0,0,1,0,0,0,0,1,0,0,1,975
34.044928000000006,-118.26583600000001,0.0,2.0,642,684,24.0,0,1,0,0,0,0,1,0,0,1,975
34.044988000000004,-118.265778,0.0,2.0,643,685,24.0,0,1,0,0,0,0,1,0,0,1,975
34.044864000000004,-118.265897,0.0,2.0,644,686,24.0,0,1,0,0,0,0,1,0,0,1,975
34.045012,-118.26863200000001,0.0,2.0,645,687,24.0,0,1,0,0,0,0,1,0,0,1,975
34.045017,-118.26856299999999,0.0,2.0,646,688,24.0,0,1,0,0,0,0,1,0,0,1,975
34.044854,-118.26861399999999,0.0,2.0,647,689,24.0,0,1,0,0,0,0,1,0,0,1,975
34.088611,-118.33349399999999,0.0,2.0,371,690,24.0,0,1,0,0,0,0,1,0,0,1,975
34.088456,-118.33361200000002,0.0,2.0,371,691,24.0,0,1,0,0,0,0,1,0,0,1,975
34.088665999999996,-118.33348500000001,0.0,1.0,371,409,24.0,0,1,0,0,0,0,1,0,0,1,975
34.088806,-118.333898,0.0,2.0,648,409,24.0,0,1,0,0,0,0,1,0,0,1,975
34.088805,-118.333909,0.0,2.0,649,409,24.0,0,1,0,0,0,0,1,0,0,1,975
34.088809999999995,-118.33403600000001,0.0,2.0,650,409,24.0,0,1,0,0,0,0,1,0,0,1,975
34.088808,-118.33397099999999,0.0,2.0,651,409,24.0,0,1,0,0,0,0,1,0,0,1,975
34.088806,-118.333956,0.0,2.0,651,691,24.0,0,1,0,0,0,0,1,0,0,1,975
34.088806,-118.333947,0.0,2.0,648,691,24.0,0,1,0,0,0,0,1,0,0,1,975
34.088807,-118.33398500000001,0.0,2.0,650,408,24.0,0,1,0,0,0,0,1,0,0,1,975
34.088807,-118.33391599999999,0.0,2.0,649,691,24.0,0,1,0,0,0,0,1,0,0,1,975
34.088813,-118.33402,0.0,2.0,650,691,24.0,0,1,0,0,0,0,1,0,0,1,975
34.0888,-118.333977,0.0,2.0,648,408,24.0,0,1,0,0,0,0,1,0,0,1,975
34.088803999999996,-118.333926,0.0,2.0,651,408,24.0,0,1,0,0,0,0,1,0,0,1,975
34.088806,-118.333886,0.0,2.0,372,691,24.0,0,1,0,0,0,0,1,0,0,1,975
34.088801000000004,-118.33400400000001,0.0,2.0,372,408,24.0,0,1,0,0,0,0,1,0,0,1,975
34.088806,-118.333964,0.0,2.0,649,408,24.0,0,1,0,0,0,0,1,0,0,1,975
34.035908,-118.231476,0.0,2.0,652,692,24.0,0,1,0,0,0,0,0,0,1,1,975
34.0359,-118.23151899999999,0.0,2.0,653,693,24.0,0,1,0,0,0,0,0,0,1,1,975
34.035897,-118.231597,0.0,2.0,654,694,24.0,0,1,0,0,0,0,0,0,1,1,975
34.035895000000004,-118.231559,0.0,2.0,655,695,24.0,0,1,0,0,0,0,0,0,1,1,975
34.033834000000006,-118.22861499999999,0.0,2.0,656,696,24.0,0,1,0,0,0,0,0,0,1,1,975
34.033838,-118.228707,0.0,2.0,657,697,24.0,0,1,0,0,0,0,0,0,1,1,975
34.052633,-118.248562,0.0,2.0,658,698,24.0,0,1,0,0,0,0,1,0,0,1,975
34.099375,-118.32611100000001,0.0,2.0,659,699,24.0,0,1,0,0,0,0,1,0,0,1,975
34.099242,-118.325767,0.0,2.0,660,700,24.0,0,1,0,0,0,0,1,0,0,1,975
34.099375,-118.325874,0.0,2.0,661,701,24.0,0,1,0,0,0,0,1,0,0,1,975
34.099162,-118.32595,0.0,2.0,662,702,24.0,0,1,0,0,0,0,1,0,0,1,975
34.158363,-118.49536299999998,0.0,2.0,663,703,24.0,0,1,0,0,0,0,1,0,0,1,975
34.050021,-118.25336200000001,0.0,2.0,664,704,24.0,0,1,0,0,0,0,1,0,0,1,975
34.05004,-118.253351,0.0,2.0,665,705,24.0,0,1,0,0,0,0,1,0,0,1,975
34.063865,-118.35345900000002,0.0,2.0,666,706,24.0,0,1,0,0,0,0,1,0,0,1,975
34.061156,-118.41344299999999,0.0,2.0,667,707,24.0,0,1,0,0,0,0,1,0,0,1,975
34.049494,-118.26218,0.0,2.0,668,708,24.0,0,1,0,0,0,0,1,0,0,1,975
34.045644,-118.444252,0.0,2.0,669,709,24.0,0,1,0,0,0,0,1,0,0,1,975
34.045708000000005,-118.444497,0.0,2.0,670,710,24.0,0,1,0,0,0,0,1,0,0,1,975
34.087412,-118.31522700000001,0.0,2.0,671,711,24.0,0,1,0,0,0,0,1,0,0,1,975
33.976769,-118.391669,0.0,2.0,672,712,24.0,0,1,0,0,0,0,1,0,0,1,975
34.174314,-118.59414699999999,0.0,1.0,673,713,24.0,0,1,0,0,0,0,1,0,0,1,975
34.174368,-118.59406899999999,0.0,1.0,674,714,24.0,0,1,0,0,0,0,1,0,0,1,975
34.051269,-118.25133999999998,0.0,2.0,675,715,24.0,0,1,0,0,0,0,1,0,0,1,975
34.051297999999996,-118.251299,0.0,2.0,676,716,24.0,0,1,0,0,0,0,1,0,0,1,975
34.062028000000005,-118.358075,0.0,2.0,677,717,24.0,0,1,0,0,0,0,1,0,0,1,975
34.050909000000004,-118.25459199999999,0.0,2.0,678,718,24.0,0,1,0,0,0,0,1,0,0,1,975
34.051038,-118.25443600000001,0.0,2.0,679,719,24.0,0,1,0,0,0,0,1,0,0,1,975
34.05738,-118.253983,0.0,1.0,680,720,24.0,0,1,0,0,0,0,0,0,1,1,975
34.040639,-118.264665,0.0,1.0,681,721,24.0,0,1,0,0,0,0,1,0,0,1,975
34.040657,-118.26468600000001,0.0,1.0,682,722,24.0,0,1,0,0,0,0,0,0,1,1,975
34.040665000000004,-118.264697,0.0,1.0,683,723,24.0,0,1,0,0,0,0,0,0,1,1,975
34.058197,-118.241256,0.0,1.0,684,724,24.0,0,1,0,0,0,0,1,0,0,1,975
34.058223999999996,-118.24108500000001,0.0,1.0,685,725,24.0,0,1,0,0,0,0,1,0,0,1,975
34.058215000000004,-118.241203,0.0,1.0,686,726,24.0,0,1,0,0,0,0,1,0,0,1,975
34.058197,-118.241128,0.0,1.0,687,727,24.0,0,1,0,0,0,0,1,0,0,1,975
34.058223999999996,-118.241095,0.0,1.0,688,728,24.0,0,1,0,0,0,0,1,0,0,1,975
34.058162,-118.24118100000001,0.0,1.0,689,729,24.0,0,1,0,0,0,0,1,0,0,1,975
34.058215000000004,-118.241289,0.0,1.0,690,730,24.0,0,1,0,0,0,0,1,0,0,1,975
34.057674,-118.24113899999999,0.0,1.0,691,731,24.0,0,1,0,0,0,0,1,0,0,1,975
34.057614,-118.24102099999999,0.0,1.0,692,732,24.0,0,1,0,0,0,0,1,0,0,1,975
34.057709,-118.241,0.0,1.0,693,733,24.0,0,1,0,0,0,0,1,0,0,1,975
34.275628999999995,-118.57175900000001,0.0,2.0,694,734,24.0,0,1,0,0,0,0,1,0,0,1,975
34.275815,-118.571431,0.0,2.0,695,735,24.0,0,1,0,0,0,0,1,0,0,1,975
34.275517,-118.57211000000001,0.0,2.0,696,736,24.0,0,1,0,0,0,0,1,0,0,1,975
34.170117,-118.607983,0.0,1.0,697,737,24.0,0,1,0,0,0,0,1,0,0,1,975
34.063359000000005,-118.432919,0.0,1.0,698,738,24.0,0,1,0,0,0,0,1,0,0,1,975
34.169208000000005,-118.64287,0.0,2.0,699,739,18.5,0,1,0,0,0,0,1,0,0,1,975
34.169195,-118.64294199999999,0.0,2.0,700,740,18.5,0,1,0,0,0,0,1,0,0,1,975
34.058568,-118.41501000000001,0.0,1.0,701,741,24.0,0,1,0,0,0,0,1,0,0,1,975
34.058541999999996,-118.41498,0.0,1.0,702,742,24.0,0,1,0,0,0,0,1,0,0,1,975
33.926194,-118.37036599999999,0.0,2.0,703,743,24.0,0,1,0,0,0,0,1,0,0,1,975
34.06295,-118.36648500000001,0.0,2.0,704,744,12.0,0,1,0,0,0,0,1,0,0,1,975
34.053318,-118.25213400000001,0.0,1.0,705,745,0.0,0,1,0,0,0,0,1,0,0,1,975
34.053239000000005,-118.252159,0.0,1.0,706,746,0.0,0,1,0,0,0,0,1,0,0,1,975
34.052289,-118.252948,0.0,1.0,707,747,0.0,0,1,0,0,0,0,0,0,1,1,975
34.052263,-118.252972,0.0,1.0,708,748,0.0,0,1,0,0,0,0,0,0,1,1,975
34.053257,-118.25214199999999,0.0,1.0,709,749,0.0,0,1,0,0,0,0,1,0,0,1,975
34.052313,-118.252926,0.0,1.0,710,750,0.0,0,1,0,0,0,0,0,0,1,1,975
34.157428,-118.437225,0.0,2.0,711,751,13.5,0,1,0,0,0,0,1,0,0,1,975
34.157492,-118.43723,0.0,2.0,712,752,13.5,0,1,0,0,0,0,1,0,0,1,975
34.15743,-118.43719499999999,0.0,2.0,713,753,13.5,0,1,0,0,0,0,1,0,0,1,975
34.040074,-118.267665,0.0,1.0,714,754,0.25,0,1,0,0,0,0,1,0,0,1,975
34.060863,-118.30559,0.0,1.0,715,755,24.0,0,1,0,0,0,0,0,0,1,1,975
34.060859,-118.30558700000002,0.0,1.0,716,756,24.0,0,1,0,0,0,0,1,0,0,1,975
34.060869,-118.305573,0.0,1.0,717,757,24.0,0,1,0,0,0,0,1,0,0,1,975
34.06126,-118.30558,0.0,1.0,718,758,24.0,0,1,0,0,0,0,0,0,1,1,975
34.061221999999994,-118.30558799999999,0.0,1.0,719,759,24.0,0,1,0,0,0,0,0,0,1,1,975
34.060102,-118.305543,0.0,1.0,720,760,24.0,0,1,0,0,0,0,1,0,0,1,975
34.060203,-118.30554,0.0,1.0,721,761,24.0,0,1,0,0,0,0,1,0,0,1,975
34.060306,-118.305536,0.0,1.0,722,762,24.0,0,1,0,0,0,0,1,0,0,1,975
34.060320000000004,-118.305523,0.0,1.0,723,763,24.0,0,1,0,0,0,0,1,0,0,1,975
34.060427000000004,-118.30555,0.0,1.0,724,764,24.0,0,1,0,0,0,0,1,0,0,1,975
34.060373,-118.305549,0.0,1.0,725,765,24.0,0,1,0,0,0,0,1,0,0,1,975
34.060395,-118.305551,0.0,1.0,726,766,24.0,0,1,0,0,0,0,1,0,0,1,975
34.060505,-118.305522,0.0,1.0,727,767,24.0,0,1,0,0,0,0,1,0,0,1,975
34.097724,-118.319804,0.0,2.0,728,768,0.0,0,1,0,0,0,0,1,0,0,1,975
34.097538,-118.31976,0.0,2.0,729,769,0.0,0,1,0,0,0,0,1,0,0,1,975
33.92771,-118.372672,0.0,2.0,730,770,24.0,0,1,0,0,0,0,1,0,0,1,975
34.097935,-118.30941399999999,0.0,2.0,731,771,17.0,0,1,0,0,0,0,1,0,0,1,975
34.09794,-118.30943899999998,0.0,2.0,732,772,17.0,0,1,0,0,0,0,1,0,0,1,975
34.097883,-118.30954399999999,0.0,2.0,733,773,17.0,0,1,0,0,0,0,1,0,0,1,975
34.097865000000006,-118.309432,0.0,2.0,734,774,17.0,0,1,0,0,0,0,1,0,0,1,975
34.097918,-118.30943400000001,0.0,2.0,735,775,17.0,0,1,0,0,0,0,1,0,0,1,975
34.097892,-118.30949199999999,0.0,2.0,736,776,17.0,0,1,0,0,0,0,1,0,0,1,975
34.09794,-118.309451,0.0,2.0,737,777,17.0,0,1,0,0,0,0,1,0,0,1,975
34.097914,-118.30941399999999,0.0,2.0,738,778,17.0,0,1,0,0,0,0,1,0,0,1,975
34.097929,-118.309431,0.0,2.0,739,779,17.0,0,1,0,0,0,0,1,0,0,1,975
34.097856,-118.309401,0.0,2.0,740,780,17.0,0,1,0,0,0,0,1,0,0,1,975
34.097941,-118.309426,0.0,2.0,741,781,17.0,0,1,0,0,0,0,1,0,0,1,975
34.097908000000004,-118.309432,0.0,2.0,742,782,17.0,0,1,0,0,0,0,1,0,0,1,975
34.097876,-118.30943,0.0,2.0,743,783,17.0,0,1,0,0,0,0,1,0,0,1,975
34.097941999999996,-118.30946999999999,0.0,2.0,744,784,17.0,0,1,0,0,0,0,1,0,0,1,975
34.063173,-118.30918500000001,0.0,1.0,745,785,24.0,0,1,0,0,0,0,1,0,0,1,383
34.053084999999996,-118.4529,0.0,1.0,746,786,0.0,0,1,0,0,0,0,1,0,0,0,92
34.033459,-118.241005,0.0,1.0,747,787,24.0,0,1,0,0,0,0,1,0,0,1,975
34.033518,-118.24096999999999,0.0,1.0,748,788,24.0,0,1,0,0,0,0,1,0,0,1,975
34.052170000000004,-118.257897,0.0,2.0,749,789,24.0,0,1,0,0,0,0,1,0,0,1,975
34.044914,-118.26858999999999,0.0,2.0,750,790,24.0,0,1,0,0,0,0,1,0,0,1,975
34.050792,-118.217257,0.0,2.0,751,791,24.0,0,1,0,0,0,0,1,0,0,1,975
34.050721,-118.21739699999999,0.0,2.0,752,792,24.0,0,1,0,0,0,0,1,0,0,1,975
34.050739,-118.217482,0.0,2.0,753,793,24.0,0,1,0,0,0,0,1,0,0,1,975
34.18111,-118.395164,0.0,2.0,754,794,24.0,0,1,0,0,0,0,1,0,0,1,975
34.180533000000004,-118.39503,0.0,2.0,755,795,24.0,0,1,0,0,0,0,1,0,0,1,975
34.181038,-118.39528,0.0,1.0,756,796,24.0,0,1,0,0,0,0,1,0,0,1,975
34.181187,-118.39535,0.0,1.0,757,797,24.0,0,1,0,0,0,0,1,0,0,1,975
34.181126,-118.39528,0.0,2.0,758,798,24.0,0,1,0,0,0,0,1,0,0,1,975
34.182608,-118.395519,0.0,2.0,759,799,24.0,0,1,0,0,0,0,1,0,0,1,975
34.182381,-118.395661,0.0,2.0,760,800,24.0,0,1,0,0,0,0,1,0,0,1,975
34.18186,-118.396047,0.0,2.0,761,801,24.0,0,1,0,0,0,0,1,0,0,1,975
34.170339,-118.60808200000001,0.0,1.0,762,802,24.0,0,1,0,0,0,0,1,0,0,1,975
34.057525,-118.446647,0.0,4.0,763,803,24.0,0,1,0,0,0,0,1,0,0,1,64
34.180103,-118.39458,0.0,2.0,764,804,24.0,0,1,0,0,0,0,1,0,0,1,975
34.18012,-118.39455,0.0,2.0,765,805,24.0,0,1,0,0,0,0,0,0,1,1,975
34.180126,-118.39461000000001,0.0,2.0,766,806,24.0,0,1,0,0,0,0,0,0,1,1,975
34.180347,-118.39477,0.0,2.0,767,807,24.0,0,1,0,0,0,0,0,0,1,1,975
34.180264,-118.39475,0.0,2.0,768,808,24.0,0,1,0,0,0,0,0,0,1,1,975
34.181377000000005,-118.39551999999999,0.0,2.0,769,809,24.0,0,1,0,0,0,0,0,0,1,1,975
34.181335,-118.39413,0.0,2.0,770,810,24.0,0,1,0,0,0,0,0,0,1,1,975
34.18187,-118.39562,0.0,2.0,771,811,24.0,0,1,0,0,0,0,0,0,1,1,975
34.18164,-118.39583600000002,0.0,2.0,772,812,24.0,0,1,0,0,0,0,1,0,0,1,975
34.181793,-118.395744,0.0,2.0,773,813,24.0,0,1,0,0,0,0,0,0,1,1,975
34.1818,-118.395546,0.0,2.0,774,814,24.0,0,1,0,0,0,0,0,0,1,1,975
34.181698,-118.39588,0.0,2.0,775,815,24.0,0,1,0,0,0,0,0,0,1,1,975
34.181683,-118.39591000000001,0.0,2.0,776,816,24.0,0,1,0,0,0,0,0,0,1,1,975
34.180009999999996,-118.39452,0.0,2.0,777,817,24.0,0,1,0,0,0,0,0,0,1,1,975
34.180279999999996,-118.39473000000001,0.0,2.0,778,818,24.0,0,1,0,0,0,0,0,0,1,1,975
34.179553999999996,-118.39641999999999,0.0,2.0,779,819,24.0,0,1,0,0,0,0,0,0,1,1,975
34.180170000000004,-118.39457,0.0,2.0,780,820,24.0,0,1,0,0,0,0,0,0,1,1,975
34.05794,-118.41993000000001,0.0,0.0,781,821,24.0,1,0,1,0,0,0,1,0,0,1,5
33.996165999999995,-118.436966,0.0,2.0,782,822,16.5,0,1,0,0,0,0,1,0,0,1,975
34.058708,-118.414375,0.0,2.0,783,823,24.0,0,1,0,0,0,0,1,0,0,1,975
34.097427,-118.315872,0.0,2.0,784,824,24.0,0,1,0,0,0,0,0,0,1,1,975
34.080344000000004,-118.219012,0.0,0.0,785,825,24.0,1,0,1,0,0,0,1,0,0,1,181
34.076910999999996,-118.22161899999999,0.0,1.0,786,826,24.0,0,1,0,0,0,0,1,0,0,1,975
34.098797999999995,-118.29333600000001,0.0,1.0,433,827,24.0,0,1,0,0,0,0,0,0,1,1,64
34.021538,-118.291696,0.0,1.0,787,828,24.0,0,1,0,0,0,0,1,0,0,1,383
34.059093,-118.251429,0.0,22.0,788,829,24.0,1,1,1,0,0,0,1,0,0,1,181
34.05073,-118.21749299999999,0.0,2.0,789,830,24.0,0,1,0,0,0,0,1,0,0,1,975
33.988476,-118.365668,0.0,2.0,790,831,24.0,0,1,0,0,0,0,1,0,0,1,64
33.989529,-118.36615,0.0,2.0,791,480,24.0,0,1,0,0,0,0,1,0,0,1,64
33.989543,-118.36795500000001,0.0,5.0,791,832,24.0,0,1,0,0,0,0,1,0,0,1,64
34.046956,-118.25496299999999,0.0,1.0,792,833,24.0,0,1,0,0,0,0,1,0,0,1,975
34.046929999999996,-118.25482199999999,0.0,1.0,793,834,24.0,0,1,0,0,0,0,1,0,0,1,975
34.046894,-118.254929,0.0,1.0,794,835,24.0,0,1,0,0,0,0,1,0,0,1,975
34.046956,-118.254929,0.0,1.0,795,836,24.0,0,1,0,0,0,0,1,0,0,1,975
34.046955,-118.25493,0.0,1.0,796,837,24.0,0,1,0,0,0,0,1,0,0,1,975
34.040541,-118.44318700000001,0.0,1.0,797,838,24.0,0,1,0,0,0,0,1,0,0,1,383
34.139225,-118.21546599999999,0.0,1.0,798,839,24.0,0,1,0,0,0,0,1,0,0,1,181
34.033412,-118.24089199999999,0.0,2.0,799,840,24.0,0,1,0,0,0,0,1,0,0,1,975
34.033547999999996,-118.24080500000001,0.0,2.0,800,841,24.0,0,1,0,0,0,0,1,0,0,1,975
34.045564,-118.23238899999998,0.0,2.0,801,842,24.0,0,1,0,0,0,0,1,0,0,1,975
34.045456,-118.23242900000001,0.0,2.0,802,843,24.0,0,1,0,0,0,0,1,0,0,1,975
34.049597999999996,-118.25688500000001,0.0,2.0,803,844,24.0,0,1,0,0,0,0,1,0,0,1,975
34.059093,-118.251429,0.0,22.0,804,845,24.0,0,1,0,0,0,0,1,0,0,1,181
34.1013189,-118.32468100000001,0.0,14.0,805,846,24.0,0,1,0,0,0,0,0,0,1,1,64
34.039467476241995,-118.23893879895,0.0,1.0,806,847,24.0,0,1,0,0,0,0,0,0,1,1,64
34.0890756,-118.3037736,0.0,8.0,807,848,24.0,0,1,0,0,0,0,1,0,0,1,64
34.0595622,-118.4408875,0.0,2.0,808,849,24.0,0,1,0,0,0,0,0,0,1,1,64
34.1778422,-118.4580871,0.0,8.0,809,850,24.0,0,1,0,0,0,0,0,0,1,1,64
34.181885,-118.39603000000001,0.0,2.0,810,851,24.0,0,1,0,0,0,0,1,0,0,1,975
34.181506,-118.395517,0.0,2.0,811,852,24.0,0,1,0,0,0,0,1,0,0,1,975
34.047884,-118.262069,0.0,2.0,812,853,24.0,0,1,0,0,0,0,1,0,0,1,975
34.047867,-118.26206499999999,0.0,2.0,813,854,24.0,0,1,0,0,0,0,1,0,0,1,975
34.051006,-118.260108,0.0,1.0,814,855,24.0,0,1,0,0,0,0,1,0,0,0,92
34.182576,-118.39613600000001,0.0,2.0,815,856,24.0,0,1,0,0,0,0,1,0,0,1,975
34.18189,-118.39580500000001,0.0,2.0,816,857,24.0,0,1,0,0,0,0,1,0,0,1,975
34.18183,-118.39580500000001,0.0,2.0,817,858,24.0,0,1,0,0,0,0,1,0,0,1,975
34.038374,-118.266667,0.0,2.0,818,859,24.0,0,1,0,0,0,0,1,0,0,1,975
34.038284999999995,-118.266705,0.0,2.0,819,860,24.0,0,1,0,0,0,0,1,0,0,1,975
34.036497,-118.26654599999999,0.0,2.0,820,861,24.0,0,1,0,0,0,0,1,0,0,1,975
34.23617,-118.53406000000001,0.0,1.0,821,862,24.0,0,1,0,0,0,0,1,0,0,1,975
34.236164,-118.53408600000002,0.0,1.0,822,863,24.0,0,1,0,0,0,0,1,0,0,1,975
34.2419,-118.56113,0.0,2.0,823,864,24.0,0,1,0,0,0,0,1,0,0,1,975
34.24173,-118.56111999999999,0.0,2.0,824,865,24.0,0,1,0,0,0,0,1,0,0,1,975
34.242046,-118.56081999999999,0.0,2.0,825,866,24.0,0,1,0,0,0,0,1,0,0,1,975
34.158538,-118.49745300000001,0.0,2.0,826,867,24.0,0,1,0,0,0,0,1,0,0,1,975
34.185134999999995,-118.607206,0.0,1.0,827,868,24.0,0,1,0,0,0,0,1,0,0,1,975
34.185117,-118.60731799999999,0.0,1.0,828,869,24.0,0,1,0,0,0,0,1,0,0,1,975
34.185145,-118.607203,0.0,1.0,829,870,24.0,0,1,0,0,0,0,1,0,0,1,975
34.185133,-118.607122,0.0,1.0,830,871,24.0,0,1,0,0,0,0,1,0,0,1,975
34.185124,-118.60709399999999,0.0,1.0,831,872,24.0,0,1,0,0,0,0,1,0,0,1,975
34.185116,-118.607228,0.0,1.0,832,873,24.0,0,1,0,0,0,0,1,0,0,1,975
34.185131,-118.60718700000001,0.0,1.0,833,874,24.0,0,1,0,0,0,0,1,0,0,1,975
34.185127,-118.60719499999999,0.0,1.0,834,875,24.0,0,1,0,0,0,0,1,0,0,1,975
34.185109000000004,-118.60716299999999,0.0,1.0,835,876,24.0,0,1,0,0,0,0,1,0,0,1,975
34.185081,-118.607274,0.0,1.0,836,877,24.0,0,1,0,0,0,0,1,0,0,1,975
34.185088,-118.607343,0.0,1.0,837,878,24.0,0,1,0,0,0,0,1,0,0,1,975
34.185087,-118.60743500000001,0.0,1.0,838,879,24.0,0,1,0,0,0,0,1,0,0,1,975
34.185097,-118.607375,0.0,1.0,839,880,24.0,0,1,0,0,0,0,1,0,0,1,975
33.954701,-118.395775,0.0,1.0,840,881,24.0,0,1,0,0,0,0,1,0,0,1,383
34.038934000000005,-118.230154,1.0,3.0,23,882,24.0,0,1,0,0,0,0,1,0,0,0,26
34.060066,-118.22932,1.0,2.0,23,883,24.0,0,1,0,0,0,0,1,0,0,0,26
34.0570174292184,-118.233048930689,1.0,2.0,23,884,24.0,0,1,0,0,0,0,1,0,0,0,26
33.92761645,-118.2397072,0.0,7.0,841,885,24.0,0,1,0,0,0,0,1,0,0,1,26
34.052597999999996,-118.25149099999999,0.0,1.0,842,886,24.0,0,1,0,0,0,0,1,0,0,1,975
34.052508,-118.251503,0.0,1.0,843,887,24.0,0,1,0,0,0,0,1,0,0,1,975
34.052535,-118.25147700000001,0.0,1.0,844,888,24.0,0,1,0,0,0,0,1,0,0,1,975
34.052562,-118.251456,0.0,2.0,845,889,24.0,0,1,0,0,0,0,1,0,0,1,975
34.052583,-118.25143700000001,0.0,2.0,846,890,24.0,0,1,0,0,0,0,1,0,0,1,975
34.052626000000004,-118.251507,0.0,1.0,847,891,24.0,0,1,0,0,0,0,1,0,0,1,975
34.056899,-118.41880400000001,0.0,2.0,848,892,24.0,0,1,0,0,0,0,1,0,0,1,975
34.056796999999996,-118.41894599999999,0.0,2.0,849,893,24.0,0,1,0,0,0,0,1,0,0,1,975
34.05976,-118.41388,0.0,2.0,850,894,24.0,0,1,0,0,0,0,1,0,0,1,975
34.059573,-118.413945,0.0,2.0,851,895,24.0,0,1,0,0,0,0,1,0,0,1,975
34.059581,-118.413932,0.0,1.0,852,896,24.0,0,1,0,0,0,0,1,0,0,1,975
34.058431,-118.414285,0.0,2.0,853,897,24.0,0,1,0,0,0,0,1,0,0,1,975
34.058784,-118.414221,0.0,1.0,854,898,24.0,0,1,0,0,0,0,1,0,0,1,975
34.058609000000004,-118.414402,0.0,2.0,855,899,24.0,0,1,0,0,0,0,1,0,0,1,975
34.045111,-118.44374099999999,0.0,0.0,856,900,24.0,1,0,1,0,0,0,1,0,0,1,181
34.184896,-118.60700600000001,0.0,1.0,857,901,24.0,0,1,0,0,0,0,1,0,0,1,975
34.190984,-118.60395,0.0,2.0,858,902,24.0,0,1,0,0,0,0,1,0,0,1,975
34.190841999999996,-118.60395600000001,0.0,2.0,859,903,24.0,0,1,0,0,0,0,1,0,0,1,975
34.190993,-118.60408400000001,0.0,2.0,860,904,24.0,0,1,0,0,0,0,1,0,0,1,975
34.190917,-118.60473400000001,0.0,2.0,861,905,24.0,0,1,0,0,0,0,1,0,0,1,975
34.188891,-118.60415,0.0,2.0,862,906,24.0,0,1,0,0,0,0,1,0,0,1,975
34.069088,-118.26632,0.0,2.0,863,907,24.0,0,1,0,0,0,0,1,0,0,1,975
34.229027,-118.501466,0.0,2.0,864,908,24.0,0,1,0,0,0,0,1,0,0,1,975
34.061528,-118.236723,1.0,40.0,865,909,0.0,1,1,1,0,0,0,1,0,0,0,34
34.06094,-118.20868,1.0,7.0,17,910,0.0,0,1,0,0,0,0,1,0,0,0,34
34.012311,-118.29184599999999,0.0,6.0,866,911,8.0,0,1,0,0,0,0,1,0,0,1,34
33.929412,-118.29800300000001,1.0,4.0,867,912,24.0,0,1,0,0,0,0,1,0,0,0,34
34.059711,-118.209328,1.0,8.0,868,913,24.0,0,1,0,0,0,0,1,0,0,0,34
34.176559999999995,-118.591346,0.0,2.0,869,914,24.0,0,1,0,0,0,0,1,0,0,1,975
34.185642,-118.606834,0.0,1.0,870,915,24.0,0,1,0,0,0,0,1,0,0,1,975
34.07168,-118.36318600000001,0.0,1.0,871,916,24.0,0,1,0,0,0,0,0,0,1,1,181
34.045041999999995,-118.257349,0.0,2.0,872,917,24.0,0,1,0,0,0,0,1,0,0,1,975
34.044971999999994,-118.25776100000002,0.0,2.0,873,918,24.0,0,1,0,0,0,0,1,0,0,1,975
34.046240000000004,-118.44491399999998,0.0,1.0,874,919,24.0,0,1,0,0,0,0,1,0,0,1,975
34.046301,-118.44496200000002,0.0,1.0,875,920,24.0,0,1,0,0,0,0,1,0,0,1,975
34.046178000000005,-118.44486,0.0,1.0,876,921,24.0,0,1,0,0,0,0,1,0,0,1,975
34.204671999999995,-118.430898,0.0,1.0,877,922,24.0,0,1,0,0,0,0,1,0,0,1,975
34.204663000000004,-118.430898,0.0,1.0,878,923,24.0,0,1,0,0,0,0,1,0,0,1,975
34.204637,-118.430876,0.0,1.0,879,924,24.0,0,1,0,0,0,0,1,0,0,1,975
34.204584000000004,-118.43085500000001,0.0,1.0,880,925,24.0,0,1,0,0,0,0,1,0,0,1,975
34.204557,-118.43085500000001,0.0,1.0,881,926,24.0,0,1,0,0,0,0,1,0,0,1,975
34.204521,-118.430833,0.0,1.0,882,927,24.0,0,1,0,0,0,0,1,0,0,1,975
34.204495,-118.43082199999999,0.0,1.0,883,928,24.0,0,1,0,0,0,0,1,0,0,1,975
34.20477,-118.430704,0.0,1.0,884,929,24.0,0,1,0,0,0,0,1,0,0,1,975
34.204708000000004,-118.43069399999999,0.0,1.0,885,930,24.0,0,1,0,0,0,0,1,0,0,1,975
34.20469,-118.430672,0.0,1.0,886,931,24.0,0,1,0,0,0,0,1,0,0,1,975
34.204663000000004,-118.430683,0.0,1.0,887,932,24.0,0,1,0,0,0,0,1,0,0,1,975
34.204619,-118.43066200000001,0.0,1.0,888,933,24.0,0,1,0,0,0,0,1,0,0,1,975
34.204601000000004,-118.430651,0.0,1.0,889,934,24.0,0,1,0,0,0,0,1,0,0,1,975
34.204566,-118.430651,0.0,1.0,890,935,24.0,0,1,0,0,0,0,1,0,0,1,975
34.204716999999995,-118.43048999999999,0.0,1.0,891,936,24.0,0,1,0,0,0,0,1,0,0,1,975
34.204681,-118.430479,0.0,1.0,892,937,24.0,0,1,0,0,0,0,1,0,0,1,975
34.204671999999995,-118.43048999999999,0.0,1.0,893,938,24.0,0,1,0,0,0,0,1,0,0,1,975
34.204637,-118.43048999999999,0.0,1.0,894,939,24.0,0,1,0,0,0,0,1,0,0,1,975
34.204592,-118.430447,0.0,1.0,895,940,24.0,0,1,0,0,0,0,1,0,0,1,975
34.204575,-118.430458,0.0,1.0,896,941,24.0,0,1,0,0,0,0,1,0,0,1,975
34.204584000000004,-118.430458,0.0,1.0,897,942,24.0,0,1,0,0,0,0,1,0,0,1,975
34.204557,-118.43051100000001,0.0,1.0,898,943,24.0,0,1,0,0,0,0,1,0,0,1,975
34.20469,-118.430318,0.0,1.0,899,944,24.0,0,1,0,0,0,0,1,0,0,1,975
34.20469,-118.43033999999999,0.0,1.0,900,945,24.0,0,1,0,0,0,0,1,0,0,1,975
34.204654,-118.430318,0.0,1.0,901,946,24.0,0,1,0,0,0,0,1,0,0,1,975
34.204619,-118.430329,0.0,1.0,902,947,24.0,0,1,0,0,0,0,1,0,0,1,975
34.204584000000004,-118.430329,0.0,1.0,903,948,24.0,0,1,0,0,0,0,1,0,0,1,975
34.204557,-118.430329,0.0,1.0,904,949,24.0,0,1,0,0,0,0,1,0,0,1,975
34.204547999999996,-118.430318,0.0,1.0,905,950,24.0,0,1,0,0,0,0,1,0,0,1,975
34.204513,-118.43028600000001,0.0,1.0,906,951,24.0,0,1,0,0,0,0,1,0,0,1,975
34.204485999999996,-118.430254,0.0,1.0,907,952,24.0,0,1,0,0,0,0,1,0,0,1,975
33.979062,-118.406056,0.0,2.0,908,953,24.0,0,1,0,0,0,0,1,0,0,1,975
33.9806,-118.40799999999999,0.0,1.0,909,954,24.0,0,1,0,0,0,0,1,0,0,1,975
34.163178,-118.37404,0.0,2.0,910,955,17.98,0,1,0,0,0,0,1,0,0,1,181
34.061188,-118.41510500000001,0.0,2.0,911,956,24.0,0,1,0,0,0,0,1,0,0,1,975
34.061215000000004,-118.414992,0.0,2.0,912,957,24.0,0,1,0,0,0,0,1,0,0,1,975
34.061242,-118.415027,0.0,2.0,913,958,24.0,0,1,0,0,0,0,1,0,0,1,975
34.061155,-118.415143,0.0,2.0,914,959,24.0,0,1,0,0,0,0,1,0,0,1,975
34.04732,-118.46162,0.0,1.0,915,960,24.0,0,1,0,0,0,0,1,0,0,1,975
34.0481,-118.4614,0.0,2.0,916,961,24.0,0,1,0,0,0,0,1,0,0,1,975
34.048424,-118.46167,0.0,2.0,917,962,24.0,0,1,0,0,0,0,1,0,0,1,975
34.04728,-118.461669,0.0,2.0,918,963,24.0,0,1,0,0,0,0,1,0,0,1,975
34.048356,-118.46163500000002,0.0,2.0,919,964,24.0,0,1,0,0,0,0,1,0,0,1,975
34.048328000000005,-118.461603,0.0,2.0,920,965,24.0,0,1,0,0,0,0,1,0,0,1,975
34.048308,-118.461591,0.0,2.0,921,966,24.0,0,1,0,0,0,0,1,0,0,1,975
34.048279,-118.461582,0.0,2.0,922,967,24.0,0,1,0,0,0,0,1,0,0,1,975
34.048263,-118.461555,0.0,2.0,923,968,24.0,0,1,0,0,0,0,1,0,0,1,975
34.048242,-118.46153999999999,0.0,2.0,924,969,24.0,0,1,0,0,0,0,1,0,0,1,975
34.048217,-118.461529,0.0,2.0,925,970,24.0,0,1,0,0,0,0,1,0,0,1,975
34.08364,-118.32746999999999,0.0,0.0,926,971,24.0,0,0,1,0,0,0,1,0,0,1,5
34.050729,-118.217078,0.0,2.0,927,972,24.0,0,1,0,0,0,0,1,0,0,1,975
34.050792,-118.21729199999999,0.0,2.0,928,973,24.0,0,1,0,0,0,0,1,0,0,1,975
34.042534,-118.25825,0.0,2.0,929,974,24.0,0,1,0,0,0,0,1,0,0,1,975
34.042465,-118.25833,0.0,2.0,930,975,24.0,0,1,0,0,0,0,1,0,0,1,975
34.042415999999996,-118.25811000000002,0.0,2.0,931,976,24.0,0,1,0,0,0,0,1,0,0,1,975
34.048175,-118.46149,0.0,2.0,932,977,24.0,0,1,0,0,0,0,1,0,0,1,975
34.051359999999995,-118.43853999999999,0.0,1.0,933,978,24.0,0,1,0,0,0,0,1,0,0,1,383
34.129713,-118.210563,0.0,1.0,934,979,24.0,0,1,0,0,0,0,1,0,0,1,975
34.129677,-118.210761,0.0,1.0,935,980,24.0,0,1,0,0,0,0,1,0,0,1,975
34.140617,-118.27429599999999,0.0,1.0,936,981,24.0,0,1,0,0,0,0,1,0,0,1,383
34.096465,-118.329282,0.0,1.0,937,982,24.0,0,1,0,0,0,0,1,0,0,1,975
34.096484999999994,-118.329256,0.0,1.0,938,983,24.0,0,1,0,0,0,0,1,0,0,1,975
34.096462,-118.32925,0.0,2.0,939,984,24.0,0,1,0,0,0,0,1,0,0,1,975
34.096486999999996,-118.32927099999999,0.0,1.0,940,985,24.0,0,1,0,0,0,0,1,0,0,1,975
34.096488,-118.329229,0.0,1.0,941,986,24.0,0,1,0,0,0,0,1,0,0,1,975
34.096488,-118.329241,0.0,1.0,942,987,24.0,0,1,0,0,0,0,1,0,0,1,975
34.096462,-118.32926599999999,0.0,1.0,943,988,24.0,0,1,0,0,0,0,1,0,0,1,975
34.064275,-118.23238500000001,0.0,1.0,944,989,24.0,0,1,0,0,0,0,0,0,1,1,383
34.116118,-118.243876,0.0,1.0,945,990,24.0,0,1,0,0,0,0,1,0,0,1,383
34.059662,-118.21336399999998,0.0,1.0,946,991,24.0,0,1,0,0,0,0,1,0,0,1,383
34.055988,-118.207495,0.0,1.0,947,992,24.0,0,1,0,0,0,0,1,0,0,1,383
34.050628,-118.23441899999999,0.0,1.0,948,993,24.0,0,1,0,0,0,0,1,0,0,1,383
34.067116999999996,-118.203607,0.0,1.0,949,994,24.0,0,1,0,0,0,0,1,0,0,1,383
34.063607,-118.24257,0.0,1.0,950,995,24.0,0,1,0,0,0,0,1,0,0,1,383
34.053956,-118.229272,0.0,1.0,951,996,24.0,0,1,0,0,0,0,1,0,0,1,383
34.061799,-118.241624,0.0,1.0,952,997,24.0,0,1,0,0,0,0,1,0,0,1,383
34.047397,-118.33611299999998,0.0,0.0,953,998,24.0,1,0,1,0,0,0,0,0,1,1,975
34.192003,-118.431145,0.0,1.0,954,999,24.0,0,1,0,0,0,0,1,0,0,1,383
34.057639,-118.289579,0.0,1.0,955,1000,24.0,0,1,0,0,0,0,1,0,0,1,383
34.065337,-118.23056899999999,0.0,1.0,956,1001,24.0,0,1,0,0,0,0,1,0,0,1,383
34.239940000000004,-118.57969399999999,0.0,1.0,957,1002,24.0,0,1,0,0,0,0,1,0,0,1,383
34.150254,-118.437133,0.0,1.0,958,1003,24.0,0,1,0,0,0,0,1,0,0,1,383
34.057116,-118.23210900000001,0.0,1.0,959,1004,24.0,0,1,0,0,0,0,1,0,0,1,383
34.151843,-118.440059,0.0,1.0,960,1005,24.0,0,1,0,0,0,0,1,0,0,1,383
34.033325,-118.240946,0.0,2.0,961,1006,24.0,0,1,0,0,0,0,1,0,0,1,975
34.16128,-118.444824,0.0,1.0,962,1007,24.0,0,1,0,0,0,0,1,0,0,1,383
34.159465999999995,-118.44483500000001,0.0,1.0,963,1008,24.0,0,1,0,0,0,0,1,0,0,1,383
34.257181,-118.602375,0.0,1.0,964,1009,24.0,0,1,0,0,0,0,1,0,0,1,383
33.980478999999995,-118.46460800000001,0.0,1.0,965,1010,24.0,0,1,0,0,0,0,1,0,0,1,383
33.971027,-118.42648999999999,0.0,1.0,966,1011,24.0,0,1,0,0,0,0,1,0,0,1,383
34.033652000000004,-118.44723700000002,0.0,1.0,967,1012,24.0,0,1,0,0,0,0,1,0,0,1,383
34.021552,-118.42328400000001,0.0,1.0,968,1013,24.0,0,1,0,0,0,0,1,0,0,1,383
34.027205,-118.44215600000001,0.0,1.0,969,1014,24.0,0,1,0,0,0,0,1,0,0,1,383
33.992553,-118.423029,0.0,1.0,970,1015,24.0,0,1,0,0,0,0,1,0,0,1,383
34.016655,-118.42866799999999,0.0,1.0,971,1016,24.0,0,1,0,0,0,0,1,0,0,1,383
34.154104,-118.43651200000001,0.0,1.0,972,1017,24.0,0,1,0,0,0,0,1,0,0,1,383
34.166615,-118.466923,0.0,1.0,973,1018,24.0,0,1,0,0,0,0,1,0,0,1,383
34.045013,-118.44578999999999,0.0,1.0,974,1019,24.0,0,1,0,0,0,0,1,0,0,1,383
34.176151000000004,-118.431374,0.0,1.0,975,1020,24.0,0,1,0,0,0,0,1,0,0,1,383
34.039208,-118.46328999999999,0.0,1.0,976,1021,24.0,0,1,0,0,0,0,1,0,0,1,383
34.03689,-118.458037,0.0,1.0,977,1022,24.0,0,1,0,0,0,0,1,0,0,1,383
34.044449,-118.448798,0.0,1.0,978,1023,24.0,0,1,0,0,0,0,1,0,0,1,383
34.24349,-118.446001,0.0,1.0,979,1024,24.0,0,1,0,0,0,0,1,0,0,1,383
34.187294,-118.439874,0.0,1.0,980,1025,24.0,0,1,0,0,0,0,1,0,0,1,383
34.187455,-118.391048,0.0,1.0,981,1026,24.0,0,1,0,0,0,0,1,0,0,1,383
34.06855,-118.29117,0.0,0.0,982,1027,24.0,0,0,1,0,0,0,1,0,0,1,5
34.220866,-118.53374199999999,0.0,1.0,983,1028,24.0,0,1,0,0,0,0,1,0,0,1,383
34.257346999999996,-118.601348,0.0,1.0,984,1029,24.0,0,1,0,0,0,0,1,0,0,1,383
34.046279,-118.45364199999999,0.0,1.0,985,1030,24.0,0,1,0,0,0,0,1,0,0,1,383
34.1648,-118.394953,0.0,1.0,986,1031,24.0,0,1,0,0,0,0,1,0,0,1,383
33.723452,-118.287884,0.0,1.0,987,1032,24.0,0,1,0,0,0,0,1,0,0,1,383
34.157639,-118.364354,0.0,1.0,988,1033,24.0,0,1,0,0,0,0,1,0,0,1,383
34.042211,-118.45048500000001,0.0,1.0,989,1034,24.0,0,1,0,0,0,0,1,0,0,1,383
34.039974,-118.461422,0.0,1.0,990,1035,24.0,0,1,0,0,0,0,1,0,0,1,383
34.048993700000004,-118.2437437,0.0,4.0,991,1036,24.0,0,1,0,0,0,0,1,0,0,1,64
33.956731,-118.39636899999999,0.0,1.0,992,1037,24.0,0,1,0,0,0,0,1,0,0,1,383
33.933438,-118.239354,0.0,1.0,993,1038,24.0,0,1,0,0,0,0,1,0,0,1,383
34.025704,-118.40026399999999,0.0,1.0,994,1039,24.0,0,1,0,0,0,0,1,0,0,1,383
33.974694,-118.37768999999999,0.0,1.0,995,1040,24.0,0,1,0,0,0,0,1,0,0,1,383
34.159863,-118.368695,0.0,1.0,996,1041,24.0,0,1,0,0,0,0,1,0,0,1,383
34.150717,-118.396593,0.0,1.0,997,1042,24.0,0,1,0,0,0,0,1,0,0,1,383
34.250071000000005,-118.583399,0.0,1.0,998,1043,24.0,0,1,0,0,0,0,1,0,0,1,383
34.023113,-118.26496000000002,0.0,1.0,999,1044,24.0,0,1,0,0,0,0,1,0,0,1,383
34.235738,-118.484261,0.0,1.0,1000,1045,24.0,0,1,0,0,0,0,1,0,0,1,383
34.234852000000004,-118.451704,0.0,1.0,1001,1046,24.0,0,1,0,0,0,0,1,0,0,1,383
34.081033000000005,-118.323549,0.0,1.0,1002,1047,24.0,0,1,0,0,0,0,1,0,0,1,383
34.260853999999995,-118.40023500000001,0.0,1.0,1003,1048,24.0,0,1,0,0,0,0,1,0,0,1,383
34.235364000000004,-118.458298,0.0,1.0,1004,1049,24.0,0,1,0,0,0,0,1,0,0,1,383
34.235326,-118.453195,0.0,1.0,1005,1050,24.0,0,1,0,0,0,0,1,0,0,1,383
34.06762,-118.426778,0.0,1.0,1006,1051,24.0,0,1,0,0,0,0,1,0,0,1,383
34.228066,-118.456704,0.0,1.0,1007,1052,24.0,0,1,0,0,0,0,1,0,0,1,383
34.169208000000005,-118.52208700000001,0.0,1.0,1008,1053,24.0,0,1,0,0,0,0,1,0,0,1,383
34.024836,-118.398661,0.0,1.0,1009,1054,24.0,0,1,0,0,0,0,1,0,0,1,383
34.163494,-118.368342,0.0,1.0,1010,1055,24.0,0,1,0,0,0,0,1,0,0,1,383
34.169034,-118.52033600000001,0.0,1.0,1011,1056,24.0,0,1,0,0,0,0,1,0,0,1,383
34.066751000000004,-118.22158600000002,0.0,1.0,1012,1057,24.0,0,1,0,0,0,0,1,0,0,1,383
34.023903999999995,-118.401312,0.0,1.0,1013,1058,24.0,0,1,0,0,0,0,1,0,0,1,383
34.16488,-118.467354,0.0,1.0,1014,1059,24.0,0,1,0,0,0,0,1,0,0,1,383
34.167627,-118.60741399999999,0.0,1.0,1015,1060,24.0,0,1,0,0,0,0,1,0,0,1,383
34.060992,-118.377948,0.0,1.0,1016,1061,24.0,0,1,0,0,0,0,1,0,0,1,383
34.056117,-118.383777,0.0,1.0,1017,1062,24.0,0,1,0,0,0,0,1,0,0,1,383
34.194565999999995,-118.537392,0.0,1.0,1018,1063,24.0,0,1,0,0,0,0,1,0,0,1,383
34.200975,-118.548622,0.0,1.0,1019,1064,24.0,0,1,0,0,0,0,1,0,0,1,383
34.172238,-118.53029199999999,0.0,1.0,1020,1065,24.0,0,1,0,0,0,0,1,0,0,1,383
34.157716,-118.42098,0.0,1.0,1021,1066,24.0,0,1,0,0,0,0,1,0,0,1,383
34.158503,-118.49708999999999,0.0,0.0,1022,1067,24.0,1,0,1,0,0,0,1,0,0,1,975
34.200527,-118.47503200000001,0.0,1.0,1023,1068,24.0,0,1,0,0,0,0,1,0,0,1,383
33.960029,-118.26432700000001,0.0,1.0,1024,1069,24.0,0,1,0,0,0,0,0,0,1,1,181
34.172018,-118.42511699999999,0.0,1.0,1025,1070,24.0,0,1,0,0,0,0,1,0,0,1,383
34.186192,-118.552423,0.0,1.0,1026,1071,24.0,0,1,0,0,0,0,1,0,0,1,383
34.151887,-118.357161,0.0,1.0,1027,1072,24.0,0,1,0,0,0,0,1,0,0,1,383
34.177505,-118.53363999999999,0.0,1.0,1028,1073,24.0,0,1,0,0,0,0,1,0,0,1,383
34.228296,-118.591632,0.0,1.0,1029,1074,24.0,0,1,0,0,0,0,1,0,0,1,383
34.157718,-118.415553,0.0,1.0,1030,1075,24.0,0,1,0,0,0,0,1,0,0,1,383
34.101852,-118.283309,0.0,1.0,1031,1076,24.0,0,1,0,0,0,0,1,0,0,1,383
34.202903000000006,-118.594673,0.0,1.0,1032,1077,24.0,0,1,0,0,0,0,1,0,0,1,383
34.22827,-118.599777,0.0,1.0,1033,1078,24.0,0,1,0,0,0,0,1,0,0,1,383
34.041789,-118.365692,0.0,1.0,1034,1079,24.0,0,1,0,0,0,0,1,0,0,1,383
34.174952000000005,-118.534302,0.0,1.0,1035,1080,24.0,0,1,0,0,0,0,1,0,0,1,383
33.707073,-118.291344,0.0,1.0,1036,1081,24.0,0,1,0,0,0,0,1,0,0,1,383
34.177151,-118.54134599999999,0.0,1.0,1037,1082,24.0,0,1,0,0,0,0,1,0,0,1,383
34.177172,-118.544109,0.0,1.0,1038,1083,24.0,0,1,0,0,0,0,1,0,0,1,383
34.16476,-118.45268100000001,0.0,1.0,1039,1084,24.0,0,1,0,0,0,0,1,0,0,1,383
34.082761,-118.254567,0.0,1.0,1040,1085,24.0,0,1,0,0,0,0,1,0,0,1,383
34.06592,-118.21365800000001,0.0,1.0,1041,1086,24.0,0,1,0,0,0,0,1,0,0,1,383
34.104651000000004,-118.199928,0.0,1.0,1042,1087,24.0,0,1,0,0,0,0,1,0,0,1,383
34.04733,-118.527891,0.0,1.0,1043,1088,24.0,0,1,0,0,0,0,1,0,0,1,383
34.132826,-118.200061,0.0,1.0,1044,1089,24.0,0,1,0,0,0,0,1,0,0,1,383
34.052082,-118.234274,0.0,1.0,1045,1090,24.0,0,1,0,0,0,0,1,0,0,1,383
33.97461,-118.371344,0.0,1.0,1046,1091,24.0,0,1,0,0,0,0,1,0,0,1,383
34.076048,-118.34806599999999,0.0,1.0,1047,1092,24.0,0,1,0,0,0,0,1,0,0,1,383
34.015371,-118.353646,0.0,1.0,1048,1093,24.0,0,1,0,0,0,0,1,0,0,1,383
34.033731253316105,-118.272272958617,0.0,1.0,1049,1094,0.0,0,1,0,0,0,0,1,0,0,0,92
34.0338773994305,-118.2721803119,0.0,2.0,1050,1095,0.0,0,1,0,0,0,0,1,0,0,1,92
34.199364,-118.632552,0.0,1.0,1051,1096,24.0,0,1,0,0,0,0,1,0,0,1,383
34.0525774,-118.37106770000001,0.0,3.0,1052,1097,24.0,0,1,0,0,0,0,1,0,0,1,64
34.032388,-118.359167,0.0,1.0,1053,1098,24.0,0,1,0,0,0,0,1,0,0,1,383
34.070849,-118.22658899999999,0.0,1.0,25,36,24.0,0,1,0,0,0,0,1,0,0,1,383
34.065077,-118.242251,0.0,1.0,1054,1099,24.0,0,1,0,0,0,0,1,0,0,1,383
34.190886,-118.60408400000001,0.0,1.0,1055,1100,24.0,0,1,0,0,0,0,1,0,0,1,975
34.190851,-118.60424499999999,0.0,1.0,1056,1101,24.0,0,1,0,0,0,0,1,0,0,1,975
34.190957,-118.60434199999999,0.0,2.0,1057,1102,24.0,0,1,0,0,0,0,0,0,1,1,975
34.190851,-118.60421299999999,0.0,2.0,1058,1103,24.0,0,1,0,0,0,0,1,0,0,1,975
34.056176,-118.32172800000001,0.0,1.0,1059,1104,24.0,0,1,0,0,0,0,1,0,0,1,383
34.041428,-118.45123400000001,0.0,1.0,1060,1105,24.0,0,1,0,0,0,0,1,0,0,1,383
34.042055,-118.445581,0.0,1.0,1061,1106,24.0,0,1,0,0,0,0,1,0,0,1,383
34.042037,-118.449436,0.0,1.0,1062,1107,24.0,0,1,0,0,0,0,1,0,0,1,383
34.0413,-118.448177,0.0,1.0,1063,1108,24.0,0,1,0,0,0,0,1,0,0,1,383
34.041649,-118.446474,0.0,1.0,1064,1109,24.0,0,1,0,0,0,0,1,0,0,1,383
34.061456,-118.41663600000001,0.0,2.0,1065,1110,24.0,0,1,0,0,0,0,1,0,0,1,975
34.06146,-118.41665900000001,0.0,2.0,1066,1111,24.0,0,1,0,0,0,0,1,0,0,1,975
34.061471000000004,-118.416632,0.0,2.0,1067,1112,24.0,0,1,0,0,0,0,1,0,0,1,975
34.201295,-118.42395800000001,0.0,1.0,1068,1113,24.0,0,1,0,0,0,0,1,0,0,1,383
34.042761,-118.45164299999999,0.0,1.0,1069,1114,24.0,0,1,0,0,0,0,1,0,0,1,383
34.172215,-118.45841000000001,0.0,1.0,1070,1115,24.0,0,1,0,0,0,0,1,0,0,1,383
34.098326,-118.3114,0.0,1.0,1071,1116,24.0,0,1,0,0,0,0,1,0,0,1,383
34.246521,-118.447956,0.0,1.0,1072,1117,24.0,0,1,0,0,0,0,1,0,0,1,383
34.155582,-118.47865800000001,0.0,1.0,1073,1118,24.0,0,1,0,0,0,0,1,0,0,1,383
34.194466,-118.58831799999999,0.0,1.0,1074,1119,24.0,0,1,0,0,0,0,1,0,0,1,383
34.242858,-118.466426,0.0,1.0,1075,1120,24.0,0,1,0,0,0,0,1,0,0,1,383
34.22699,-118.50247,0.0,1.0,1076,1121,24.0,0,1,0,0,0,0,1,0,0,1,383
34.050335,-118.291478,0.0,1.0,1077,1122,24.0,0,1,0,0,0,0,1,0,0,1,383
34.190841999999996,-118.604127,0.0,1.0,1078,1123,24.0,0,1,0,0,0,0,1,0,0,1,975
34.083934,-118.260732,0.0,1.0,1079,1124,24.0,0,1,0,0,0,0,1,0,0,1,383
34.063669,-118.35355700000001,0.0,2.0,1080,1125,24.0,0,1,0,0,0,0,1,0,0,1,975
34.063705,-118.353482,0.0,2.0,1081,1126,24.0,0,1,0,0,0,0,1,0,0,1,975
34.259786,-118.313708,0.0,1.0,1082,1127,24.0,0,1,0,0,0,0,1,0,0,1,383
34.022169,-118.35186100000001,0.0,2.0,1083,1128,24.0,0,1,0,0,0,0,1,0,0,1,975
34.022162,-118.35176499999999,0.0,2.0,1084,1129,24.0,0,1,0,0,0,0,1,0,0,1,975
34.022174,-118.3519,0.0,0.0,1085,1130,24.0,1,0,1,0,0,0,1,0,0,1,975
34.02217,-118.35193799999999,0.0,0.0,1086,1131,24.0,1,0,1,0,0,0,1,0,0,1,975
33.932241999999995,-118.28272,0.0,1.0,1087,1132,24.0,0,1,0,0,0,0,1,0,0,1,383
34.098975,-118.33854,0.0,1.0,1088,1133,24.0,0,1,0,0,0,0,0,0,1,1,383
34.027903,-118.284076,0.0,1.0,1089,1134,24.0,0,1,0,0,0,0,1,0,0,1,383
34.173198,-118.60051000000001,0.0,1.0,1090,1135,24.0,0,1,0,0,0,0,1,0,0,1,383
34.052376,-118.250755,0.0,2.0,1091,1136,24.0,0,1,0,0,0,0,1,0,0,1,975
34.123196,-118.224034,0.0,5.0,1092,1137,24.0,0,1,0,0,0,0,1,0,0,1,64
34.099758,-118.325994,0.0,1.0,1093,1138,24.0,0,1,0,0,0,0,0,0,1,1,181
34.090695000000004,-118.287575,0.0,1.0,1094,1139,24.0,0,1,0,0,0,0,1,0,0,1,383
34.258214,-118.484973,0.0,1.0,1095,1140,24.0,0,1,0,0,0,0,1,0,0,1,383
34.06270479999999,-118.2034906,0.0,56.0,1096,1141,24.0,1,1,1,0,0,0,1,0,0,1,26
34.0619686,-118.2025132,0.0,16.0,1097,1142,24.0,0,1,0,0,0,0,1,0,0,1,26
34.061891100000004,-118.2014942,0.0,6.0,1098,1143,24.0,0,1,0,0,0,0,1,0,0,1,26
34.137506,-118.36141299999998,0.0,2.0,1099,1144,24.0,0,1,0,0,0,0,1,0,0,1,975
34.137512,-118.361426,0.0,2.0,1099,1145,24.0,0,1,0,0,0,0,0,0,1,1,975
34.137381,-118.36123700000002,0.0,2.0,1099,1146,24.0,0,1,0,0,0,0,1,0,0,1,975
34.137623,-118.361254,0.0,2.0,1099,1147,24.0,0,1,0,0,0,0,1,0,0,1,975
34.137643,-118.36148899999999,0.0,2.0,1099,1148,24.0,0,1,0,0,0,0,1,0,0,1,975
34.070638,-118.309215,0.0,1.0,1100,1149,24.0,0,1,0,0,0,0,0,0,1,1,181
34.02323,-118.438065,0.0,1.0,1101,1150,24.0,0,1,0,0,0,0,1,0,0,1,975
34.023212,-118.438124,0.0,1.0,1102,1151,24.0,0,1,0,0,0,0,1,0,0,1,975
34.023194000000004,-118.43816699999999,0.0,1.0,1103,1152,24.0,0,1,0,0,0,0,1,0,0,1,975
34.023097,-118.43826100000001,0.0,1.0,1104,1153,24.0,0,1,0,0,0,0,1,0,0,1,975
34.023143,-118.438296,0.0,1.0,1105,1154,24.0,0,1,0,0,0,0,1,0,0,1,975
34.023185999999995,-118.43831999999999,0.0,1.0,1106,1155,24.0,0,1,0,0,0,0,1,0,0,1,975
34.023119,-118.438317,0.0,1.0,1107,1156,24.0,0,1,0,0,0,0,1,0,0,1,975
34.023163000000004,-118.43834,0.0,1.0,1108,1157,24.0,0,1,0,0,0,0,1,0,0,1,975
33.96346,-118.291076,0.0,20.0,1109,1158,12.0,0,1,0,0,0,0,1,0,0,1,34
34.101356,-118.28749599999999,0.0,1.0,1110,1159,24.0,0,1,0,0,0,0,1,0,0,1,383
34.06,-118.2,0.0,0.0,1111,1160,24.0,0,0,1,0,0,0,1,0,0,1,92
34.062387,-118.20418259999998,0.0,0.0,1112,1161,24.0,1,0,1,0,0,0,1,0,0,1,26
34.06175,-118.36135300000001,0.0,0.0,1113,1162,24.0,1,0,1,0,0,0,1,0,0,1,13
34.102244,-118.34016799999999,0.0,0.0,1114,1163,24.0,1,0,1,0,0,0,0,0,1,1,13
34.05002,-118.43755,0.0,0.0,1115,1164,24.0,1,0,1,0,0,0,1,0,0,1,13
34.0974825,-118.3644627,0.0,1.0,1116,1165,24.0,1,1,1,0,0,0,1,0,0,1,13
34.10235,-118.30887,0.0,0.0,1117,1166,24.0,1,0,1,0,0,0,1,0,0,1,13
34.027359999999994,-118.39233,0.0,0.0,1118,1167,24.0,1,0,1,0,0,0,1,0,0,1,13
34.07244,-118.44488999999999,0.0,0.0,1119,1168,24.0,1,0,1,0,0,0,1,0,0,1,13
34.049668,-118.34370600000001,0.0,0.0,1120,1169,24.0,1,0,1,0,0,0,0,0,1,1,13
34.077342,-118.388499,0.0,2.0,1121,1170,24.0,1,1,1,0,0,0,1,0,0,1,13
34.061822,-118.446155,0.0,0.0,1122,1171,16.98,1,0,1,0,0,0,1,0,0,1,13
34.051235,-118.24051499999999,0.0,0.0,1123,1172,17.98,1,0,1,0,0,0,1,0,0,1,13
34.040459999999996,-118.23501999999999,0.0,0.0,1124,1173,13.0,1,0,1,0,0,0,1,0,0,1,13
34.10093,-118.338917,0.0,2.0,1125,1174,24.0,0,1,0,0,0,0,1,0,0,1,975
34.015538,-118.28221200000002,0.0,3.0,1126,1175,17.98,0,1,0,0,0,0,1,0,0,1,181
34.049762,-118.27431999999999,0.0,40.0,1127,1176,0.0,0,1,0,0,0,0,1,0,0,1,12
33.946284999999996,-118.38823000000001,0.0,40.0,1128,1177,0.0,0,1,0,0,0,0,1,0,0,1,12
33.947143,-118.39272,0.0,40.0,1129,1178,0.0,0,1,0,0,0,0,1,0,0,1,12
34.05903,-118.41293,0.0,1.0,1130,1179,0.0,0,1,0,0,0,0,1,0,0,1,12
34.058659000000006,-118.41286699999999,0.0,80.0,1131,1180,0.0,0,1,0,0,0,0,1,0,0,1,12
34.058925,-118.415803,0.0,79.0,1132,1181,0.0,0,1,0,0,0,0,1,0,0,1,12
34.049310999999996,-118.246678,0.0,12.0,1133,1182,24.0,0,1,0,0,0,0,1,0,0,1,11
34.18196,-118.44746,0.0,11.0,1134,1183,24.0,0,1,0,0,0,0,1,0,0,1,11
34.049428999999996,-118.25005800000001,0.0,4.0,1135,1184,24.0,0,1,0,0,0,0,1,0,0,1,11
34.097282,-118.315978,0.0,20.0,1136,1185,24.0,0,1,0,0,0,0,1,0,0,1,34
34.172422999999995,-118.55265,0.0,0.0,1137,1186,24.0,1,0,1,0,0,0,0,1,0,1,181
34.136176,-118.342022,0.0,1.0,1138,1187,24.0,0,1,0,0,0,0,1,0,0,1,975
34.142132000000004,-118.34178200000001,0.0,1.0,1139,1188,24.0,0,1,0,0,0,0,0,0,1,1,975
34.0504714,-118.26131029999999,0.0,4.0,1140,1189,24.0,0,1,0,0,0,0,1,0,0,1,64
33.936458,-118.25406799999999,0.0,1.0,1141,1190,24.0,0,1,0,0,0,0,1,0,0,1,181
34.045656,-118.23865500000001,0.0,1.0,1142,1191,24.0,0,1,0,0,0,0,0,0,1,1,181
34.021048,-118.28827700000001,0.0,2.0,1143,1192,24.0,0,1,0,0,0,0,1,0,0,1,975
34.019927,-118.27745700000001,0.0,2.0,1144,1193,24.0,0,1,0,0,0,0,1,0,0,1,975
34.021952,-118.28186699999999,0.0,2.0,1145,1194,24.0,0,1,0,0,0,0,1,0,0,1,975
34.061025,-118.20630200000001,0.0,2.0,1146,1195,24.0,0,1,0,0,0,0,0,0,1,1,975
34.020906,-118.290015,0.0,2.0,1147,1196,24.0,0,1,0,0,0,0,1,0,0,1,975
34.01999,-118.277176,0.0,2.0,1148,1197,24.0,0,1,0,0,0,0,1,0,0,1,975
34.019838,-118.276372,0.0,2.0,1149,1198,24.0,0,1,0,0,0,0,1,0,0,1,975
34.064761,-118.193652,0.0,2.0,1150,1199,24.0,0,1,0,0,0,0,0,0,1,1,975
34.022073999999996,-118.281589,0.0,2.0,1151,1200,24.0,0,1,0,0,0,0,1,0,0,1,975
34.02001,-118.277216,0.0,2.0,1152,1201,24.0,0,1,0,0,0,0,1,0,0,1,975
34.023178,-118.280534,0.0,2.0,1153,1202,24.0,0,1,0,0,0,0,0,0,1,1,975
34.061076,-118.20622,0.0,2.0,1154,1203,24.0,0,1,0,0,0,0,0,0,1,1,975
34.064806,-118.19373799999998,0.0,2.0,1155,1204,24.0,0,1,0,0,0,0,0,0,1,1,975
34.06431,-118.20128100000001,0.0,2.0,1156,1205,24.0,0,1,0,0,0,0,1,0,0,1,975
34.064382,-118.201245,0.0,2.0,1157,1206,24.0,0,1,0,0,0,0,1,0,0,1,975
34.064333000000005,-118.201099,0.0,2.0,1158,1207,24.0,0,1,0,0,0,0,1,0,0,1,975
34.064318,-118.20119,0.0,2.0,1159,1208,24.0,0,1,0,0,0,0,1,0,0,1,975
34.064345,-118.20125,0.0,2.0,1160,1209,24.0,0,1,0,0,0,0,1,0,0,1,975
34.064263000000004,-118.20116100000001,0.0,2.0,1161,1210,24.0,0,1,0,0,0,0,1,0,0,1,975
34.064296999999996,-118.20125,0.0,2.0,1162,1211,24.0,0,1,0,0,0,0,1,0,0,1,975
34.0643,-118.201334,0.0,2.0,1163,1212,24.0,0,1,0,0,0,0,1,0,0,1,975
34.064346,-118.20113,0.0,2.0,1164,1213,24.0,0,1,0,0,0,0,1,0,0,1,975
34.064329,-118.201222,0.0,2.0,1165,1214,24.0,0,1,0,0,0,0,1,0,0,1,975
34.064275,-118.201191,0.0,2.0,1166,1215,24.0,0,1,0,0,0,0,1,0,0,1,975
34.064384000000004,-118.20131699999999,0.0,2.0,1167,1216,24.0,0,1,0,0,0,0,1,0,0,1,975
34.064364000000005,-118.201283,0.0,2.0,1168,1217,24.0,0,1,0,0,0,0,1,0,0,1,975
34.064285,-118.201224,0.0,2.0,1169,1218,24.0,0,1,0,0,0,0,0,0,1,1,975
34.064359,-118.201163,0.0,2.0,1170,1219,24.0,0,1,0,0,0,0,1,0,0,1,975
34.02261,-118.28078799999999,0.0,2.0,1171,1220,24.0,0,1,0,0,0,0,0,0,1,1,975
34.022642,-118.280772,0.0,2.0,1172,1221,24.0,0,1,0,0,0,0,0,0,1,1,975
34.025926,-118.28481699999999,0.0,2.0,1173,1222,24.0,0,1,0,0,0,0,1,0,0,1,975
34.025802,-118.284805,0.0,2.0,1174,1223,24.0,0,1,0,0,0,0,1,0,0,1,975
34.025948,-118.28485900000001,0.0,2.0,1175,1224,24.0,0,1,0,0,0,0,0,0,1,1,975
34.025971999999996,-118.28486200000002,0.0,2.0,1176,1225,24.0,0,1,0,0,0,0,1,0,0,1,975
34.025921999999994,-118.28485800000001,0.0,2.0,1177,1226,24.0,0,1,0,0,0,0,0,0,1,1,975
34.025859999999994,-118.284852,0.0,2.0,1178,1227,24.0,0,1,0,0,0,0,1,0,0,1,975
34.025818,-118.284848,0.0,2.0,1179,1228,24.0,0,1,0,0,0,0,0,0,1,1,975
34.025968,-118.28481599999999,0.0,2.0,1180,1229,24.0,0,1,0,0,0,0,1,0,0,1,975
34.025884999999995,-118.28478600000001,0.0,2.0,1181,1230,24.0,0,1,0,0,0,0,1,0,0,1,975
34.025948,-118.28481599999999,0.0,2.0,1182,1231,24.0,0,1,0,0,0,0,1,0,0,1,975
34.025894,-118.284851,0.0,2.0,1183,1232,24.0,0,1,0,0,0,0,0,0,1,1,975
34.025833,-118.284807,0.0,2.0,1184,1233,24.0,0,1,0,0,0,0,0,0,1,1,975
34.022705,-118.28103,0.0,2.0,1185,1234,24.0,0,1,0,0,0,0,0,0,1,1,975
34.022707000000004,-118.28094399999999,0.0,2.0,1186,1235,24.0,0,1,0,0,0,0,0,0,1,1,975
34.022645000000004,-118.28111499999999,0.0,2.0,1187,1236,24.0,0,1,0,0,0,0,0,0,1,1,975
34.022975,-118.280902,0.0,2.0,1188,1237,24.0,0,1,0,0,0,0,0,0,1,1,975
34.023428,-118.280571,0.0,2.0,1189,1238,24.0,0,1,0,0,0,0,0,0,1,1,975
34.022706,-118.281067,0.0,2.0,1190,1239,24.0,0,1,0,0,0,0,0,0,1,1,975
34.022706,-118.281108,0.0,2.0,1191,1240,24.0,0,1,0,0,0,0,0,0,1,1,975
34.022693,-118.281081,0.0,2.0,1192,1241,24.0,0,1,0,0,0,0,0,0,1,1,975
34.022658,-118.28111299999999,0.0,2.0,1193,1242,24.0,0,1,0,0,0,0,0,0,1,1,975
34.022715999999996,-118.281094,0.0,2.0,1194,1243,24.0,0,1,0,0,0,0,0,0,1,1,975
34.022671,-118.281102,0.0,2.0,1195,1244,24.0,0,1,0,0,0,0,0,0,1,1,975
34.022676000000004,-118.281124,0.0,2.0,1196,1245,24.0,0,1,0,0,0,0,0,0,1,1,975
34.022664,-118.28111399999999,0.0,2.0,1197,1246,24.0,0,1,0,0,0,0,0,0,1,1,975
34.022688,-118.28112,0.0,2.0,1198,1247,24.0,0,1,0,0,0,0,0,0,1,1,975
34.023474,-118.280533,0.0,2.0,1199,1248,24.0,0,1,0,0,0,0,0,0,1,1,975
34.022599,-118.281108,0.0,2.0,1200,1249,24.0,0,1,0,0,0,0,0,0,1,1,975
33.699596,-117.839897,0.0,1.0,1201,1250,24.0,0,1,0,0,0,0,0,0,1,1,975
34.064809000000004,-118.194319,0.0,2.0,1202,1251,24.0,0,1,0,0,0,0,1,0,0,1,975
34.064877,-118.193974,0.0,2.0,1203,1252,24.0,0,1,0,0,0,0,0,0,1,1,975
34.064659999999996,-118.194318,0.0,2.0,1204,1253,24.0,0,1,0,0,0,0,1,0,0,1,975
34.064871999999994,-118.19434,0.0,2.0,1205,1254,24.0,0,1,0,0,0,0,1,0,0,1,975
34.064839,-118.194455,0.0,2.0,1206,1255,24.0,0,1,0,0,0,0,1,0,0,1,975
34.064659000000006,-118.19433300000001,0.0,2.0,1207,1256,24.0,0,1,0,0,0,0,0,0,1,1,975
34.065131,-118.194349,0.0,2.0,1208,1257,24.0,0,1,0,0,0,0,1,0,0,1,975
34.064648999999996,-118.194174,0.0,2.0,1209,1258,24.0,0,1,0,0,0,0,1,0,0,1,975
34.065456,-118.19526200000001,0.0,2.0,1210,1259,24.0,0,1,0,0,0,0,1,0,0,1,975
34.065207,-118.19458300000001,0.0,2.0,1211,1260,24.0,0,1,0,0,0,0,1,0,0,1,975
34.065119,-118.194558,0.0,2.0,1212,1261,24.0,0,1,0,0,0,0,1,0,0,1,975
34.064419,-118.19414099999999,0.0,2.0,1213,1262,24.0,0,1,0,0,0,0,1,0,0,1,975
34.065265000000004,-118.193676,0.0,2.0,1214,1263,24.0,0,1,0,0,0,0,1,0,0,1,975
34.064855,-118.194744,0.0,2.0,1215,1264,24.0,0,1,0,0,0,0,1,0,0,1,975
34.065019,-118.194928,0.0,2.0,1216,1265,24.0,0,1,0,0,0,0,0,0,1,1,975
34.065178,-118.194653,0.0,2.0,1217,1266,24.0,0,1,0,0,0,0,1,0,0,1,975
34.022148,-118.28171999999999,0.0,2.0,1218,1267,24.0,0,1,0,0,0,0,1,0,0,1,975
34.065203000000004,-118.194781,0.0,2.0,1219,1268,24.0,0,1,0,0,0,0,1,0,0,1,975
34.065166,-118.194424,0.0,2.0,1220,1269,24.0,0,1,0,0,0,0,1,0,0,1,975
34.064659000000006,-118.194356,0.0,2.0,1221,1270,24.0,0,1,0,0,0,0,1,0,0,1,975
34.064763,-118.194548,0.0,2.0,1222,1271,24.0,0,1,0,0,0,0,1,0,0,1,975
34.065275,-118.19495500000001,0.0,2.0,1223,1272,24.0,0,1,0,0,0,0,1,0,0,1,975
34.064652,-118.194199,0.0,2.0,1224,1273,24.0,0,1,0,0,0,0,1,0,0,1,975
34.065,-118.19453700000001,0.0,2.0,1225,1274,24.0,0,1,0,0,0,0,1,0,0,1,975
34.064815,-118.194631,0.0,2.0,1226,1275,24.0,0,1,0,0,0,0,1,0,0,1,975
34.064674,-118.19535400000001,0.0,2.0,1227,1276,24.0,0,1,0,0,0,0,1,0,0,1,975
34.064814,-118.1949,0.0,2.0,1228,1277,24.0,0,1,0,0,0,0,1,0,0,1,975
34.064595000000004,-118.19518400000001,0.0,1.0,1229,1278,24.0,0,1,0,0,0,0,1,0,0,1,975
34.064558,-118.19501299999999,0.0,2.0,1230,1279,24.0,0,1,0,0,0,0,1,0,0,1,975
34.064553000000004,-118.1949,0.0,2.0,1231,1280,24.0,0,1,0,0,0,0,1,0,0,1,975
34.064718,-118.19558300000001,0.0,2.0,1232,1281,24.0,0,1,0,0,0,0,1,0,0,1,975
34.064712,-118.195596,0.0,2.0,1233,1282,24.0,0,1,0,0,0,0,1,0,0,1,975
34.064721999999996,-118.19560700000001,0.0,2.0,1234,1283,24.0,0,1,0,0,0,0,1,0,0,1,975
34.064712,-118.195618,0.0,2.0,1235,1284,24.0,0,1,0,0,0,0,1,0,0,1,975
34.064615,-118.194147,0.0,2.0,1236,1285,24.0,0,1,0,0,0,0,1,0,0,1,975
34.064519,-118.193817,0.0,2.0,1237,1286,24.0,0,1,0,0,0,0,1,0,0,1,975
34.064921000000005,-118.194678,0.0,2.0,1238,1287,24.0,0,1,0,0,0,0,1,0,0,1,975
34.023146000000004,-118.28078000000001,0.0,2.0,1239,1288,24.0,0,1,0,0,0,0,1,0,0,1,975
34.064715,-118.19383899999998,0.0,2.0,1240,1289,24.0,0,1,0,0,0,0,1,0,0,1,975
34.019174,-118.28038000000001,0.0,2.0,1241,1290,24.0,0,1,0,0,0,0,0,0,1,1,975
34.064912,-118.194549,0.0,2.0,1242,1291,24.0,0,1,0,0,0,0,1,0,0,1,975
34.064519,-118.19379599999999,0.0,2.0,1243,1292,24.0,0,1,0,0,0,0,1,0,0,1,975
34.019189000000004,-118.28031999999999,0.0,2.0,1244,1293,24.0,0,1,0,0,0,0,1,0,0,1,975
34.077088200000006,-118.32762290000001,0.0,4.0,1245,1294,24.0,0,1,0,0,0,0,0,0,1,1,64
34.064366,-118.201199,0.0,2.0,1246,1295,24.0,0,1,0,0,0,0,1,0,0,1,975
34.105878999999995,-118.32286599999999,0.0,1.0,1247,1296,24.0,0,1,0,0,0,0,0,0,1,1,181
34.191672,-118.602593,0.0,2.0,1248,1297,24.0,0,1,0,0,0,0,1,0,0,1,975
34.160594,-118.505501,0.0,1.0,1249,1298,24.0,0,1,0,0,0,0,0,0,1,1,383
34.038481,-118.443844,0.0,0.0,1250,128,19.0,0,0,0,0,0,1,1,0,0,1,6
34.02415,-118.28143999999999,0.0,40.0,1251,1299,24.0,0,1,0,0,0,0,1,0,0,1,92
34.046751,-118.260755,0.0,2.0,1252,1300,24.0,0,1,0,0,0,0,1,0,0,1,64
34.051221999999996,-118.40964,0.0,2.0,1253,1301,24.0,0,1,0,0,0,0,1,0,0,1,975
34.051234,-118.409502,0.0,2.0,1254,1302,24.0,0,1,0,0,0,0,1,0,0,1,975
34.052394,-118.410453,0.0,2.0,1255,1303,24.0,0,1,0,0,0,0,1,0,0,1,975
34.051204,-118.40956100000001,0.0,2.0,1256,1304,24.0,0,1,0,0,0,0,1,0,0,1,975
34.051817,-118.411027,0.0,2.0,1257,1305,24.0,0,1,0,0,0,0,1,0,0,1,975
34.05213,-118.41126299999999,0.0,2.0,1258,1306,24.0,0,1,0,0,0,0,1,0,0,1,975
34.052381,-118.410423,0.0,2.0,1259,1307,24.0,0,1,0,0,0,0,1,0,0,1,975
34.050922,-118.41011100000001,0.0,2.0,1260,1308,24.0,0,1,0,0,0,0,1,0,0,1,975
34.0596705,-118.2478879,1.0,5.0,1261,1309,0.0,0,1,0,0,0,0,1,0,0,0,12
33.9984159,-118.24188079999999,0.0,3.0,1262,1310,0.0,0,1,0,0,0,0,1,0,0,0,12
34.27195,-118.46763,0.0,1.0,1263,1311,24.0,0,1,0,0,0,0,1,0,0,1,975
34.052937,-118.253949,0.0,1.0,1264,1312,24.0,0,1,0,0,0,0,1,0,0,1,975
34.052971,-118.25391200000001,0.0,1.0,1265,1313,24.0,0,1,0,0,0,0,1,0,0,1,975
34.053616,-118.253395,0.0,2.0,1266,1314,24.0,0,1,0,0,0,0,1,0,0,1,975
34.053490000000004,-118.25336000000001,0.0,2.0,1267,1315,24.0,0,1,0,0,0,0,1,0,0,1,975
34.04639,-118.257451,0.0,1.0,1268,1316,17.98,0,1,0,0,0,0,1,0,0,1,181
34.071536,-118.344508,0.0,1.0,1269,1317,13.0,0,1,0,0,0,0,0,0,1,1,181
34.04639,-118.257451,0.0,1.0,1270,1318,17.98,0,1,0,0,0,0,1,0,0,1,181
34.01517,-118.28228600000001,0.0,2.0,1271,1319,17.98,0,1,0,0,0,0,1,0,0,1,181
34.07155,-118.344439,0.0,1.0,1272,1320,17.98,0,1,0,0,0,0,0,0,1,1,181
34.037915000000005,-118.44041000000001,0.0,2.0,1273,1321,17.98,0,1,0,0,0,0,1,0,0,1,181
34.051469,-118.28516599999999,0.0,2.0,1274,1322,17.98,0,1,0,0,0,0,1,0,0,1,181
34.061993,-118.34903,0.0,2.0,1275,1323,24.0,0,1,0,0,0,0,1,0,0,1,975
34.062139,-118.34906399999998,0.0,2.0,1276,1324,24.0,0,1,0,0,0,0,1,0,0,1,975
34.04997,-118.27475,0.0,3.0,1277,1325,24.0,0,1,0,0,0,0,1,0,0,1,92
33.94822,-118.3793,0.0,30.0,1278,1326,24.0,0,1,0,0,0,0,1,0,0,1,92
34.153445,-118.45732,0.0,1.0,1279,1327,24.0,0,1,0,0,0,0,1,0,0,1,383
34.18192,-118.39587399999999,0.0,1.0,1280,1328,24.0,0,1,0,0,0,0,0,0,1,1,975
34.201838,-118.41911699999999,0.0,1.0,1281,1329,24.0,0,1,0,0,0,0,1,0,0,1,975
34.22364,-118.46842099999999,0.0,1.0,1282,1330,24.0,0,1,0,0,0,0,1,0,0,1,975
34.223391,-118.468228,0.0,1.0,1283,1331,24.0,0,1,0,0,0,0,1,0,0,1,975
34.19092,-118.60425,0.0,1.0,1284,1332,24.0,0,1,0,0,0,0,1,0,0,1,975
34.190859,-118.60431000000001,0.0,2.0,1285,1333,24.0,0,1,0,0,0,0,1,0,0,1,975
34.027801000000004,-118.394057,0.0,0.0,1118,128,24.0,0,0,0,0,0,1,1,0,0,1,6
34.201829,-118.41911699999999,0.0,2.0,1286,1334,24.0,0,1,0,0,0,0,1,0,0,1,975
34.259840000000004,-118.50159,0.0,2.0,1287,1335,24.0,0,1,0,0,0,0,1,0,0,1,975
34.259743,-118.50178999999999,0.0,2.0,1288,1336,24.0,0,1,0,0,0,0,1,0,0,1,975
34.071228000000005,-118.286693,0.0,1.0,1289,1337,24.0,0,1,0,0,0,0,1,0,0,1,383
34.276106,-118.42268500000002,0.0,1.0,1290,1338,24.0,0,1,0,0,0,0,1,0,0,1,383
34.049867,-118.25566599999999,0.0,2.0,1291,1339,24.0,0,1,0,0,0,0,1,0,0,1,975
34.020897999999995,-118.297238,0.0,1.0,1292,1340,24.0,0,1,0,0,0,0,1,0,0,1,383
33.975761,-118.308871,0.0,1.0,1293,1341,24.0,0,1,0,0,0,0,1,0,0,1,383
34.001647999999996,-118.265464,0.0,1.0,1294,1342,24.0,0,1,0,0,0,0,1,0,0,1,383
34.01529,-118.29596299999999,0.0,1.0,1295,1343,24.0,0,1,0,0,0,0,1,0,0,1,383
34.008727,-118.332366,0.0,1.0,1296,1344,24.0,0,1,0,0,0,0,1,0,0,1,383
34.012527,-118.24900600000001,0.0,1.0,1297,1345,24.0,0,1,0,0,0,0,1,0,0,1,383
34.010396,-118.32500800000001,0.0,1.0,1298,1346,24.0,0,1,0,0,0,0,1,0,0,1,383
34.010738,-118.30181200000001,0.0,1.0,1299,1347,24.0,0,1,0,0,0,0,1,0,0,1,383
34.110803000000004,-118.197248,0.0,1.0,1300,1348,24.0,0,1,0,0,0,0,1,0,0,1,383
34.158403,-118.42698100000001,0.0,1.0,1301,1349,24.0,0,1,0,0,0,0,1,0,0,1,383
34.026740000000004,-118.263276,0.0,1.0,1302,1350,24.0,0,1,0,0,0,0,1,0,0,1,383
34.029398,-118.28426599999999,0.0,1.0,1303,1351,24.0,0,1,0,0,0,0,1,0,0,1,383
34.024839,-118.35068100000001,0.0,1.0,1304,1352,24.0,0,1,0,0,0,0,1,0,0,1,383
34.023676,-118.335223,0.0,1.0,1305,1353,24.0,0,1,0,0,0,0,1,0,0,1,383
34.006199,-118.33008400000001,0.0,1.0,1306,1354,24.0,0,1,0,0,0,0,1,0,0,1,383
34.026855,-118.28238300000001,0.0,1.0,1307,1355,24.0,0,1,0,0,0,0,1,0,0,1,383
34.025121999999996,-118.34398300000001,0.0,1.0,1308,1356,24.0,0,1,0,0,0,0,1,0,0,1,383
33.946288,-118.291248,0.0,1.0,1309,1357,24.0,0,1,0,0,0,0,1,0,0,1,383
33.976231,-118.309285,0.0,1.0,1310,1358,24.0,0,1,0,0,0,0,1,0,0,1,383
34.003337,-118.32805800000001,0.0,1.0,1311,1359,24.0,0,1,0,0,0,0,1,0,0,1,383
34.025997,-118.288156,0.0,1.0,1312,1360,24.0,0,1,0,0,0,0,1,0,0,1,383
34.030563,-118.28648999999999,0.0,1.0,1313,1361,24.0,0,1,0,0,0,0,1,0,0,1,383
34.047765000000005,-118.26471299999999,0.0,2.0,1314,1362,24.0,0,1,0,0,0,0,1,0,0,1,975
34.05914,-118.23106000000001,0.0,20.0,1315,1363,24.0,0,1,0,0,0,0,1,0,0,1,34
34.010605,-118.334149,0.0,1.0,1316,1364,24.0,0,1,0,0,0,0,1,0,0,1,383
34.019197,-118.260428,0.0,1.0,1317,1365,24.0,0,1,0,0,0,0,1,0,0,1,383
34.024584000000004,-118.293727,0.0,1.0,1318,1366,24.0,0,1,0,0,0,0,1,0,0,1,383
34.024462,-118.26350500000001,0.0,1.0,1319,1367,24.0,0,1,0,0,0,0,0,0,1,1,383
34.048056,-118.524786,0.0,2.0,1320,1368,24.0,0,1,0,0,0,0,0,0,1,1,975
33.97484,-118.318781,0.0,1.0,1321,1369,24.0,0,1,0,0,0,0,1,0,0,1,383
33.723407,-118.291104,0.0,1.0,1322,1370,24.0,0,1,0,0,0,0,1,0,0,1,383
33.712382,-118.29132299999999,0.0,1.0,1323,1371,24.0,0,1,0,0,0,0,1,0,0,1,383
33.723284,-118.288541,0.0,1.0,1324,1372,24.0,0,1,0,0,0,0,1,0,0,1,383
34.181335,-118.39412800000001,0.0,1.0,1325,1373,24.0,0,1,0,0,0,0,1,0,0,1,975
34.182587,-118.39615,0.0,1.0,1326,1374,24.0,0,1,0,0,0,0,1,0,0,1,975
34.182573,-118.39615500000001,0.0,1.0,1327,1375,24.0,0,1,0,0,0,0,1,0,0,1,975
34.182587,-118.39612199999999,0.0,2.0,1328,1376,24.0,0,1,0,0,0,0,1,0,0,1,975
33.735195000000004,-118.289551,0.0,1.0,1329,1377,24.0,0,1,0,0,0,0,1,0,0,1,383
33.786317,-118.30001399999999,0.0,1.0,1330,1378,24.0,0,1,0,0,0,0,1,0,0,1,383
33.741541999999995,-118.29063799999999,0.0,1.0,1331,1379,24.0,0,1,0,0,0,0,1,0,0,1,383
33.727834,-118.29288799999999,0.0,1.0,1332,1380,24.0,0,1,0,0,0,0,1,0,0,1,383
33.742352000000004,-118.295767,0.0,1.0,1333,1381,24.0,0,1,0,0,0,0,1,0,0,1,383
34.002594,-118.259037,0.0,1.0,1334,1382,24.0,0,1,0,0,0,0,1,0,0,1,383
33.746154,-118.293322,0.0,1.0,1335,1383,24.0,0,1,0,0,0,0,1,0,0,1,383
33.73055,-118.28888700000002,0.0,1.0,1336,1384,24.0,0,1,0,0,0,0,1,0,0,1,383
33.741558000000005,-118.296276,0.0,1.0,1337,1385,24.0,0,1,0,0,0,0,1,0,0,1,383
33.820118,-118.303175,0.0,1.0,1338,1386,24.0,0,1,0,0,0,0,1,0,0,1,383
33.720019,-118.298359,0.0,1.0,1339,1387,24.0,0,1,0,0,0,0,1,0,0,1,383
33.981555,-118.27360300000001,0.0,1.0,1340,1388,24.0,0,1,0,0,0,0,1,0,0,1,383
33.741040000000005,-118.294601,0.0,1.0,1341,1389,24.0,0,1,0,0,0,0,1,0,0,1,383
33.710636,-118.291374,0.0,1.0,1342,1390,24.0,0,1,0,0,0,0,1,0,0,1,383
34.001929,-118.278038,0.0,1.0,1343,1391,24.0,0,1,0,0,0,0,1,0,0,1,383
33.718676,-118.29360600000001,0.0,1.0,1344,1392,24.0,0,1,0,0,0,0,1,0,0,1,383
33.742445000000004,-118.28458300000001,0.0,1.0,1345,1393,24.0,0,1,0,0,0,0,1,0,0,1,383
33.945758000000005,-118.24696899999999,0.0,1.0,1346,1394,24.0,0,1,0,0,0,0,1,0,0,1,383
33.731555,-118.289469,0.0,1.0,1347,1395,24.0,0,1,0,0,0,0,1,0,0,1,383
34.062443,-118.306504,0.0,1.0,1348,1396,24.0,0,1,0,0,0,0,1,0,0,1,383
34.110640999999994,-118.192326,0.0,1.0,1349,1397,24.0,0,1,0,0,0,0,1,0,0,1,383
34.110948,-118.19116100000001,0.0,1.0,1350,1398,24.0,0,1,0,0,0,0,1,0,0,1,383
34.090359,-118.260259,0.0,1.0,1351,1399,24.0,0,1,0,0,0,0,1,0,0,1,383
34.080395,-118.254956,0.0,1.0,1352,1400,24.0,0,1,0,0,0,0,1,0,0,1,383
34.024127,-118.371578,0.0,1.0,1353,1401,24.0,0,1,0,0,0,0,1,0,0,1,383
34.105,-118.19221999999999,0.0,1.0,1354,1402,24.0,0,1,0,0,0,0,1,0,0,1,383
34.044009,-118.256631,0.0,1.0,1355,1403,24.0,0,1,0,0,0,0,1,0,0,1,975
34.044135,-118.25673799999998,0.0,1.0,1356,1404,24.0,0,1,0,0,0,0,1,0,0,1,975
34.044074,-118.256588,0.0,1.0,1357,1405,24.0,0,1,0,0,0,0,1,0,0,1,975
34.044001,-118.25657,0.0,1.0,1358,1406,24.0,0,1,0,0,0,0,1,0,0,1,975
34.105926000000004,-118.19586699999999,0.0,1.0,1359,1407,24.0,0,1,0,0,0,0,1,0,0,1,383
34.081702,-118.25375700000001,0.0,1.0,1360,1408,24.0,0,1,0,0,0,0,1,0,0,1,383
34.075812,-118.250777,0.0,1.0,1361,1409,24.0,0,1,0,0,0,0,1,0,0,1,383
34.076168,-118.260166,0.0,1.0,1362,1410,24.0,0,1,0,0,0,0,1,0,0,1,383
34.090919,-118.26125800000001,0.0,1.0,1363,1411,24.0,0,1,0,0,0,0,1,0,0,1,383
34.096732,-118.259328,0.0,1.0,1364,1412,24.0,0,1,0,0,0,0,0,0,1,1,383
34.075293,-118.28858600000001,0.0,1.0,1365,1413,24.0,0,1,0,0,0,0,1,0,0,1,383
34.074568,-118.27586399999998,0.0,1.0,1366,1414,24.0,0,1,0,0,0,0,1,0,0,1,383
34.10693,-118.247703,0.0,1.0,1367,1415,24.0,0,1,0,0,0,0,1,0,0,1,975
34.106842,-118.247821,0.0,2.0,1368,1416,24.0,0,1,0,0,0,0,1,0,0,1,975
34.121998,-118.220626,0.0,1.0,1369,1417,24.0,0,1,0,0,0,0,1,0,0,1,383
34.087721,-118.285393,0.0,1.0,1370,1418,24.0,0,1,0,0,0,0,1,0,0,1,383
34.094075,-118.333128,0.0,1.0,1371,1419,24.0,0,1,0,0,0,0,1,0,0,1,383
34.089255,-118.259971,0.0,1.0,1372,1420,24.0,0,1,0,0,0,0,1,0,0,1,383
34.097053,-118.282004,0.0,1.0,1373,1421,24.0,0,1,0,0,0,0,1,0,0,1,383
34.067318,-118.248954,0.0,1.0,1374,1422,24.0,0,1,0,0,0,0,1,0,0,1,383
34.098094,-118.28448700000001,0.0,1.0,1375,1423,24.0,0,1,0,0,0,0,1,0,0,1,383
34.105894,-118.288799,0.0,1.0,1376,1424,24.0,0,1,0,0,0,0,1,0,0,1,383
34.028102000000004,-118.37528400000001,0.0,1.0,1377,1425,24.0,0,1,0,0,0,0,1,0,0,1,383
34.159692,-118.41388799999999,0.0,1.0,1378,1426,24.0,0,1,0,0,0,0,1,0,0,1,383
34.083645000000004,-118.28574099999999,0.0,1.0,1379,1427,24.0,0,1,0,0,0,0,1,0,0,1,383
34.186961,-118.395474,0.0,1.0,1380,1428,24.0,0,1,0,0,0,0,1,0,0,1,383
34.085287,-118.275034,0.0,1.0,1381,1429,24.0,0,1,0,0,0,0,1,0,0,1,383
34.143896000000005,-118.34161100000001,0.0,2.0,1382,1430,24.0,0,1,0,0,0,0,1,0,0,1,975
34.129576,-118.21146100000001,0.0,2.0,1383,1431,6.5,0,1,0,0,0,0,1,0,0,1,975
34.127484,-118.208779,0.0,1.0,1384,1432,6.5,0,1,0,0,0,0,1,0,0,1,975
34.127497999999996,-118.208747,0.0,1.0,1385,1433,6.5,0,1,0,0,0,0,1,0,0,1,975
34.129593,-118.21146100000001,0.0,1.0,1386,1434,6.5,0,1,0,0,0,0,1,0,0,1,975
34.129587,-118.211327,0.0,1.0,1387,1435,6.5,0,1,0,0,0,0,1,0,0,1,975
34.129502,-118.21141999999999,0.0,1.0,1388,1436,6.5,0,1,0,0,0,0,1,0,0,1,975
34.127435,-118.208554,0.0,1.0,1389,1437,6.5,0,1,0,0,0,0,0,0,1,1,975
34.201705,-118.537416,0.0,1.0,1390,1438,24.0,0,1,0,0,0,0,1,0,0,1,383
34.015033,-118.41689,0.0,1.0,1391,1439,24.0,0,1,0,0,0,0,1,0,0,1,383
34.069678,-118.353078,0.0,1.0,1392,1440,24.0,0,1,0,0,0,0,1,0,0,1,383
34.182228,-118.393456,0.0,2.0,1393,1441,24.0,0,1,0,0,0,0,1,0,0,1,975
34.174896000000004,-118.3702,0.0,1.0,1394,1442,24.0,0,1,0,0,0,0,1,0,0,1,383
34.024434,-118.417331,0.0,1.0,1395,1443,24.0,0,1,0,0,0,0,1,0,0,1,383
34.164419,-118.377346,0.0,1.0,1396,1444,24.0,0,1,0,0,0,0,1,0,0,1,383
34.166332000000004,-118.365298,0.0,1.0,1397,1445,24.0,0,1,0,0,0,0,1,0,0,1,383
34.156705,-118.368954,0.0,1.0,1398,1446,24.0,0,1,0,0,0,0,1,0,0,1,383
34.160759000000006,-118.37690900000001,0.0,1.0,1399,1447,24.0,0,1,0,0,0,0,1,0,0,1,383
34.020887,-118.41138799999999,0.0,1.0,1400,1448,24.0,0,1,0,0,0,0,1,0,0,1,383
34.165901,-118.364329,0.0,1.0,1401,1449,24.0,0,1,0,0,0,0,1,0,0,1,383
34.025428000000005,-118.413573,0.0,1.0,1402,1450,24.0,0,1,0,0,0,0,1,0,0,1,383
34.155064,-118.44991200000001,0.0,1.0,1403,1451,24.0,0,1,0,0,0,0,1,0,0,1,383
34.159189000000005,-118.376347,0.0,1.0,1404,1452,24.0,0,1,0,0,0,0,1,0,0,1,383
34.025059000000006,-118.397444,0.0,1.0,1405,1453,24.0,0,1,0,0,0,0,1,0,0,1,383
34.156043,-118.45753,0.0,1.0,1406,1454,24.0,0,1,0,0,0,0,1,0,0,1,383
34.039742,-118.466903,0.0,1.0,1407,1455,24.0,0,1,0,0,0,0,1,0,0,1,383
34.105837,-118.32948400000001,0.0,1.0,1408,1456,24.0,0,1,0,0,0,0,1,0,0,1,383
34.022267,-118.39895700000001,0.0,1.0,1409,1457,24.0,0,1,0,0,0,0,1,0,0,1,383
34.045493,-118.464855,0.0,1.0,1410,1458,24.0,0,1,0,0,0,0,1,0,0,1,383
33.957632000000004,-118.384045,0.0,1.0,1411,1459,24.0,0,1,0,0,0,0,1,0,0,1,383
34.019649,-118.404679,0.0,1.0,1412,1460,24.0,0,1,0,0,0,0,1,0,0,1,383
34.155521,-118.446577,0.0,1.0,1413,1461,24.0,0,1,0,0,0,0,1,0,0,1,383
34.020899,-118.401327,0.0,1.0,1414,1462,24.0,0,1,0,0,0,0,1,0,0,1,383
34.204772999999996,-118.44623899999999,0.0,1.0,1415,1463,24.0,0,1,0,0,0,0,1,0,0,1,383
33.989678999999995,-118.446151,0.0,1.0,1416,1464,24.0,0,1,0,0,0,0,1,0,0,1,383
34.049136,-118.464821,0.0,1.0,1417,1465,24.0,0,1,0,0,0,0,1,0,0,1,383
34.044466,-118.45469399999999,0.0,1.0,1418,1466,24.0,0,1,0,0,0,0,1,0,0,1,383
34.175247999999996,-118.602005,0.0,1.0,1419,1467,24.0,0,1,0,0,0,0,1,0,0,1,383
34.055937,-118.392882,0.0,1.0,1420,1468,24.0,0,1,0,0,0,0,1,0,0,1,383
33.935629,-118.273526,0.0,1.0,1421,1469,24.0,0,1,0,0,0,0,1,0,0,1,383
34.060992999999996,-118.35407099999999,0.0,2.0,1422,1470,24.0,0,1,0,0,0,0,1,0,0,1,975
34.061067,-118.35467299999999,0.0,2.0,1423,1471,24.0,0,1,0,0,0,0,0,0,1,1,975
33.770412,-118.268507,0.0,2.0,1424,1472,24.0,0,1,0,0,0,0,1,0,0,1,975
34.06153,-118.352193,0.0,2.0,1425,1473,23.25,0,1,0,0,0,0,1,0,0,1,975
34.061525,-118.35213700000001,0.0,2.0,1426,1474,23.25,0,1,0,0,0,0,1,0,0,1,975
34.061199,-118.35351200000001,0.0,2.0,1427,1475,24.0,0,1,0,0,0,0,0,0,1,1,975
34.061739,-118.353825,0.0,2.0,1428,1476,24.0,0,1,0,0,0,0,0,0,1,1,975
34.061597,-118.354772,0.0,2.0,1429,1477,24.0,0,1,0,0,0,0,0,0,1,1,975
34.071898,-118.464801,0.0,1.0,1430,1478,24.0,0,1,0,0,0,0,1,0,0,1,975
34.071903999999996,-118.46476899999999,0.0,1.0,1431,1479,24.0,0,1,0,0,0,0,1,0,0,1,975
34.071915999999995,-118.46473600000002,0.0,1.0,1432,1480,24.0,0,1,0,0,0,0,1,0,0,1,975
34.071925,-118.464707,0.0,1.0,1433,1481,24.0,0,1,0,0,0,0,1,0,0,1,975
34.071931,-118.46468300000001,0.0,1.0,1434,1482,24.0,0,1,0,0,0,0,1,0,0,1,975
34.071943,-118.464656,0.0,1.0,1435,1483,24.0,0,1,0,0,0,0,1,0,0,1,975
34.071948,-118.464625,0.0,1.0,1436,1484,24.0,0,1,0,0,0,0,1,0,0,1,975
34.07176,-118.464844,0.0,1.0,1437,1485,24.0,0,1,0,0,0,0,1,0,0,1,975
34.071767,-118.464817,0.0,1.0,1438,1486,24.0,0,1,0,0,0,0,1,0,0,1,975
34.071774,-118.46477900000001,0.0,1.0,1439,1487,24.0,0,1,0,0,0,0,1,0,0,1,975
34.071779,-118.46475500000001,0.0,1.0,1440,1488,24.0,0,1,0,0,0,0,1,0,0,1,975
34.071788,-118.464726,0.0,1.0,1441,1489,24.0,0,1,0,0,0,0,1,0,0,1,975
34.071791999999995,-118.464702,0.0,1.0,1442,1490,24.0,0,1,0,0,0,0,1,0,0,1,975
34.071802000000005,-118.464672,0.0,1.0,1443,1491,24.0,0,1,0,0,0,0,1,0,0,1,975
34.044114,-118.256874,0.0,1.0,1444,1492,24.0,0,1,0,0,0,0,1,0,0,1,975
34.044025,-118.25672,0.0,1.0,1445,1493,24.0,0,1,0,0,0,0,1,0,0,1,975
34.067083000000004,-118.469691,0.0,2.0,1446,1494,9.0,0,1,0,0,0,0,0,0,1,1,975
34.067085999999996,-118.46972099999999,0.0,2.0,1447,1495,9.0,0,1,0,0,0,0,0,0,1,1,975
34.067085999999996,-118.469706,0.0,2.0,1448,1496,9.0,0,1,0,0,0,0,0,0,1,1,975
34.066978000000006,-118.469959,0.0,1.0,1449,1497,9.0,0,1,0,0,0,0,1,0,0,1,975
34.066974,-118.46993300000001,0.0,2.0,1450,1498,9.0,0,1,0,0,0,0,1,0,0,1,975
34.045718,-118.258628,0.0,1.0,1451,1499,23.75,0,1,0,0,0,0,1,0,0,1,975
34.04571,-118.258555,0.0,1.0,1452,1500,23.75,0,1,0,0,0,0,1,0,0,1,975
34.053257,-118.282132,0.0,1.0,1453,1501,0.0,0,1,0,0,0,0,1,0,0,1,975
34.053284000000005,-118.282175,0.0,1.0,1454,1502,0.0,0,1,0,0,0,0,1,0,0,1,975
34.053284000000005,-118.28214299999999,0.0,1.0,1455,1503,0.0,0,1,0,0,0,0,1,0,0,1,975
34.061753,-118.475153,0.0,2.0,1456,1504,9.0,0,1,0,0,0,0,1,0,0,1,975
34.061965,-118.47528,0.0,1.0,1457,1505,9.0,0,1,0,0,0,0,1,0,0,1,975
34.061977,-118.47521299999998,0.0,2.0,1458,1506,9.0,0,1,0,0,0,0,1,0,0,1,975
34.026276,-118.277925,0.0,1.0,1459,1507,24.0,0,1,0,0,0,0,1,0,0,1,383
34.097322,-118.274225,0.0,1.0,1460,1508,24.0,0,1,0,0,0,0,1,0,0,1,383
34.058673999999996,-118.468523,0.0,1.0,1461,1509,24.0,0,1,0,0,0,0,1,0,0,1,383
34.028338,-118.28788899999999,0.0,1.0,1462,1510,24.0,0,1,0,0,0,0,1,0,0,1,383
34.105174,-118.32909099999999,0.0,1.0,1463,1511,24.0,0,1,0,0,0,0,1,0,0,1,383
34.046644,-118.466297,0.0,1.0,1464,1512,24.0,0,1,0,0,0,0,1,0,0,1,383
34.0989198,-118.3338304,0.0,6.0,1465,1513,24.0,0,1,0,0,0,0,1,0,0,1,3
34.182218,-118.393455,0.0,1.0,1466,1514,24.0,0,1,0,0,0,0,1,0,0,1,975
34.182238,-118.393456,0.0,2.0,1467,1515,24.0,0,1,0,0,0,0,1,0,0,1,975
33.770404,-118.268473,0.0,2.0,1468,1516,24.0,0,1,0,0,0,0,1,0,0,1,975
33.769740999999996,-118.267922,0.0,2.0,1469,1517,24.0,0,1,0,0,0,0,1,0,0,1,975
33.769744,-118.26789,0.0,2.0,1470,1518,24.0,0,1,0,0,0,0,1,0,0,1,975
33.769739,-118.267826,0.0,2.0,1471,1519,24.0,0,1,0,0,0,0,1,0,0,1,975
34.186928,-118.610324,0.0,1.0,1472,1520,24.0,0,1,0,0,0,0,1,0,0,1,383
34.198115,-118.413683,0.0,1.0,1473,1521,24.0,0,1,0,0,0,0,0,0,1,1,383
34.205572,-118.43138400000001,0.0,1.0,1474,1522,24.0,0,1,0,0,0,0,1,0,0,1,383
33.943239,-118.309275,0.0,1.0,1475,1523,24.0,0,1,0,0,0,0,1,0,0,1,383
34.2013,-118.381891,0.0,1.0,1476,1524,24.0,0,1,0,0,0,0,1,0,0,1,383
34.174186999999996,-118.374536,0.0,1.0,1477,1525,24.0,0,1,0,0,0,0,1,0,0,1,383
34.006863,-118.290053,0.0,1.0,1478,1526,24.0,0,1,0,0,0,0,1,0,0,1,383
33.949083,-118.29063300000001,0.0,1.0,1479,1527,24.0,0,1,0,0,0,0,1,0,0,1,383
34.032765000000005,-118.3451,0.0,1.0,1480,1528,24.0,0,1,0,0,0,0,1,0,0,1,383
34.035875,-118.37925700000001,0.0,1.0,1481,1529,24.0,0,1,0,0,0,0,1,0,0,1,383
34.199364,-118.54786399999999,0.0,1.0,1482,1530,24.0,0,1,0,0,0,0,1,0,0,1,383
34.174569,-118.60653899999998,0.0,1.0,1483,1531,24.0,0,1,0,0,0,0,1,0,0,1,383
34.021558,-118.43791,0.0,1.0,1484,1532,24.0,0,1,0,0,0,0,1,0,0,1,383
34.042235,-118.233483,0.0,2.0,1485,1533,24.0,0,1,0,0,0,0,1,0,0,1,975
34.042190000000005,-118.23334299999999,0.0,2.0,1486,1534,24.0,0,1,0,0,0,0,1,0,0,1,975
34.042208,-118.233713,0.0,2.0,1487,1535,24.0,0,1,0,0,0,0,1,0,0,1,975
34.042243,-118.23353700000001,0.0,2.0,1488,1536,24.0,0,1,0,0,0,0,1,0,0,1,975
34.042155,-118.233745,0.0,2.0,1489,1537,24.0,0,1,0,0,0,0,1,0,0,1,975
34.042302,-118.233483,0.0,2.0,1490,1538,24.0,0,1,0,0,0,0,1,0,0,1,975
34.000797999999996,-118.40330900000001,0.0,1.0,1491,1539,24.0,0,1,0,0,0,0,1,0,0,1,383
33.97348,-118.331,0.0,1.0,1492,1540,24.0,0,1,0,0,0,0,1,0,0,1,383
34.10074,-118.33242,0.0,22.0,1493,1541,24.0,0,1,0,0,0,0,1,0,0,1,181
34.181371,-118.39413,0.0,2.0,1494,1542,24.0,0,1,0,0,0,0,0,0,1,1,975
34.002704,-118.28783600000001,0.0,1.0,1495,1543,24.0,0,1,0,0,0,0,1,0,0,1,383
34.049667,-118.2332,0.0,12.0,1496,1544,24.0,0,1,0,0,0,0,1,0,0,1,181
34.069221999999996,-118.29111100000001,0.0,0.0,1497,1545,24.0,1,0,1,0,0,0,1,0,0,1,13
34.003842999999996,-118.259075,0.0,1.0,1498,1546,24.0,0,1,0,0,0,0,1,0,0,1,383
34.302384,-118.463546,0.0,1.0,1499,1547,24.0,0,1,0,0,0,0,1,0,0,1,383
34.03222,-118.25777,0.0,42.0,1500,1548,24.0,0,1,0,0,0,0,1,0,0,0,92
34.150277,-118.403516,0.0,1.0,1501,1549,24.0,0,1,0,0,0,0,1,0,0,1,383
34.170463700000006,-118.37385859999999,0.0,3.0,1502,1550,24.0,0,1,0,0,0,0,0,0,1,1,64
34.0503893,-118.2612961,0.0,3.0,1503,1551,24.0,0,1,0,0,0,0,1,0,0,1,64
34.0628304,-118.2965538,0.0,4.0,1504,1552,24.0,0,1,0,0,0,0,1,0,0,1,64
34.156509,-118.48958959999999,0.0,4.0,1505,1553,24.0,0,1,0,0,0,0,1,0,0,1,64
34.0277101,-118.2900135,0.0,1.0,1506,1554,24.0,0,1,0,0,0,0,0,0,1,1,64
34.141892999999996,-118.36821040000001,0.0,4.0,1507,1555,24.0,0,1,0,0,0,0,1,0,0,1,64
34.136357000000004,-118.34165300000001,0.0,4.0,1508,1556,24.0,0,1,0,0,0,0,1,0,0,1,64
33.9800325,-118.41478959999999,0.0,4.0,1509,1557,24.0,0,1,0,0,0,0,1,0,0,1,64
33.9580186504815,-118.232433990632,0.0,1.0,1510,1558,24.0,0,1,0,0,0,0,0,0,1,1,64
34.048993700000004,-118.2437437,0.0,1.0,1511,1559,24.0,0,1,0,0,0,0,1,0,0,1,64
34.1996964,-118.4525433,0.0,1.0,1512,1560,24.0,0,1,0,0,0,0,0,0,1,1,64
33.995239298380696,-118.425779381264,0.0,3.0,1513,1561,24.0,0,1,0,0,0,0,1,0,0,1,64
34.058002,-118.4113327,0.0,6.0,1514,1562,24.0,0,1,0,0,0,0,1,0,0,1,64
33.976422799999995,-118.38835449999999,0.0,4.0,1515,1563,24.0,0,1,0,0,0,0,1,0,0,1,64
34.200019700000006,-118.4504019,0.0,3.0,1516,1564,24.0,0,1,0,0,0,0,0,0,1,1,64
33.982158899999995,-118.4272913,0.0,2.0,1517,1565,24.0,0,1,0,0,0,0,1,0,0,1,64
33.982362,-118.42653899999999,0.0,4.0,1518,1566,24.0,0,1,0,0,0,0,1,0,0,1,64
34.199878000000005,-118.453043,0.0,2.0,1519,1567,24.0,0,1,0,0,0,0,1,0,0,1,975
34.200233000000004,-118.45034,0.0,2.0,1520,1568,24.0,0,1,0,0,0,0,1,0,0,1,975
34.199801,-118.45246200000001,0.0,2.0,1521,1569,24.0,0,1,0,0,0,0,1,0,0,1,975
34.200254,-118.45067399999999,0.0,2.0,1522,1570,24.0,0,1,0,0,0,0,1,0,0,1,975
34.199834,-118.45007,0.0,2.0,1523,1571,24.0,0,1,0,0,0,0,1,0,0,1,975
34.199649,-118.450011,0.0,2.0,1524,1572,24.0,0,1,0,0,0,0,1,0,0,1,975
34.200528999999996,-118.45081,0.0,2.0,1525,1573,24.0,0,1,0,0,0,0,1,0,0,1,975
34.200548,-118.450826,0.0,2.0,1526,1574,24.0,0,1,0,0,0,0,1,0,0,1,975
34.200435,-118.450708,0.0,2.0,1527,1575,24.0,0,1,0,0,0,0,1,0,0,1,975
34.200392,-118.45066899999999,0.0,2.0,1528,1576,24.0,0,1,0,0,0,0,1,0,0,1,975
34.027718,-118.428197,0.0,0.0,1529,1577,24.0,1,0,1,0,0,0,1,0,0,1,181
34.059269,-118.23825500000001,0.0,1.0,1530,1578,24.0,0,1,0,0,0,0,1,0,0,1,64
34.045343,-118.26691399999999,0.0,2.0,1531,1579,24.0,0,1,0,0,0,0,1,0,0,1,975
34.044877,-118.266223,0.0,2.0,1532,1580,24.0,0,1,0,0,0,0,1,0,0,1,975
34.044874,-118.26630800000001,0.0,2.0,1533,1581,24.0,0,1,0,0,0,0,1,0,0,1,975
34.045105,-118.26670800000001,0.0,2.0,1534,1582,24.0,0,1,0,0,0,0,1,0,0,1,975
33.9965966532097,-118.41991677078899,0.0,4.0,1535,1583,24.0,0,1,0,0,0,0,1,0,0,1,64
34.060049,-118.253482,0.0,1.0,1536,1584,24.0,0,1,0,0,0,0,1,0,0,1,383
34.094374,-118.33051999999999,0.0,1.0,1537,1585,24.0,0,1,0,0,0,0,1,0,0,1,383
33.790354,-118.29312890000001,0.0,9.0,1538,1586,24.0,0,1,0,0,0,0,0,0,1,1,64
34.1018672,-118.3087331,0.0,1.0,1539,1587,24.0,0,1,0,0,0,0,0,0,1,1,64
34.036977,-118.4426047,0.0,4.0,1540,1588,24.0,0,1,0,0,0,0,0,0,1,1,64
34.04507735,-118.2686881,0.0,17.0,1541,1589,0.0,0,1,0,0,0,0,1,0,0,1,12
34.04538638,-118.2657078,0.0,31.0,1542,1590,0.0,0,1,0,0,0,0,1,0,0,1,12
34.042505,-118.258733,0.0,2.0,1543,1591,24.0,0,1,0,0,0,0,1,0,0,1,975
34.042487,-118.25859299999999,0.0,1.0,1544,1592,24.0,0,1,0,0,0,0,0,0,1,1,975
34.022349318312806,-118.376821864766,0.0,4.0,1545,1593,24.0,0,1,0,0,0,0,1,0,0,1,64
34.234722999999995,-118.55958999999999,0.0,2.0,1546,1594,24.0,0,1,0,0,0,0,1,0,0,1,975
34.23458,-118.56019599999999,0.0,2.0,1547,1595,24.0,0,1,0,0,0,0,1,0,0,1,975
34.086458,-118.175798,0.0,2.0,1548,1596,17.98,0,1,0,0,0,0,1,0,0,1,181
34.081424,-118.38186100000001,0.0,2.0,1549,1597,24.0,0,1,0,0,0,0,1,0,0,1,975
34.158501,-118.405331,0.0,1.0,1550,1598,24.0,0,1,0,0,0,0,1,0,0,1,383
34.179483000000005,-118.40898100000001,0.0,1.0,1551,1599,24.0,0,1,0,0,0,0,1,0,0,1,383
33.957308000000005,-118.436453,0.0,1.0,1552,1600,24.0,0,1,0,0,0,0,1,0,0,1,383
34.010899,-118.318968,0.0,1.0,1553,1601,24.0,0,1,0,0,0,0,1,0,0,1,383
34.032512,-118.295273,0.0,1.0,1554,1602,24.0,0,1,0,0,0,0,1,0,0,1,383
34.235039,-118.560601,0.0,2.0,1555,1603,24.0,0,1,0,0,0,0,1,0,0,1,975
34.016655,-118.42001699999999,0.0,1.0,1556,1604,24.0,0,1,0,0,0,0,1,0,0,1,383
34.064468,-118.194424,0.0,2.0,1557,1605,24.0,0,1,0,0,0,0,0,0,1,1,975
33.959037,-118.43766399999998,0.0,1.0,1558,1606,24.0,0,1,0,0,0,0,1,0,0,1,383
34.0348,-118.27221999999999,0.0,2.0,1559,1607,24.0,0,1,0,0,0,0,1,0,0,1,975
34.034838,-118.27211100000001,0.0,2.0,1560,1608,24.0,0,1,0,0,0,0,1,0,0,1,975
34.020825,-118.29019699999999,0.0,2.0,1561,1609,24.0,0,1,0,0,0,0,1,0,0,1,975
34.020798,-118.29024,0.0,2.0,1562,1610,24.0,0,1,0,0,0,0,1,0,0,1,975
34.020825,-118.290218,0.0,2.0,1563,1611,24.0,0,1,0,0,0,0,1,0,0,1,975
34.020647,-118.29031499999999,0.0,1.0,1564,1612,24.0,0,1,0,0,0,0,1,0,0,1,975
34.020771,-118.290154,0.0,2.0,1565,1613,24.0,0,1,0,0,0,0,1,0,0,1,975
33.976019,-118.38478300000001,0.0,0.0,1566,1614,13.5,0,0,1,0,0,0,0,0,1,1,11
34.190796999999996,-118.60427800000001,0.0,1.0,1567,1615,24.0,0,1,0,0,0,0,1,0,0,1,975
34.059998,-118.29261000000001,0.0,1.0,1568,1616,24.0,0,1,0,0,0,0,1,0,0,1,975
34.070408,-118.438624,0.0,1.0,1569,1617,24.0,0,1,0,0,0,0,1,0,0,1,383
33.944652000000005,-118.28666399999999,0.0,1.0,1570,1618,24.0,0,1,0,0,0,0,0,0,1,1,383
34.201184000000005,-118.58564199999999,0.0,1.0,1571,1619,24.0,0,1,0,0,0,0,1,0,0,1,383
33.99834,-118.41765,0.0,2.0,1572,1620,24.0,0,1,0,0,0,0,1,0,0,1,64
34.0556408,-118.24260690000001,1.0,18.0,1573,1621,24.0,0,1,0,0,0,0,1,0,0,1,34
34.058037,-118.20982109999998,1.0,20.0,1574,1622,24.0,0,1,0,0,0,0,1,0,0,1,34
34.0634984,-118.35851029999999,1.0,20.0,1575,1623,24.0,0,1,0,0,0,0,1,0,0,1,34
34.149757799999996,-118.0832456,1.0,6.0,1576,1624,24.0,0,1,0,0,0,0,1,0,0,1,34
34.055923459656896,-118.209915132404,1.0,20.0,1577,1625,24.0,0,1,0,0,0,0,1,0,0,1,34
34.0591430664063,-118.206330675072,1.0,20.0,1578,1626,24.0,0,1,0,0,0,0,1,0,0,1,34
33.7903544530253,-118.29510703430599,0.0,5.0,1579,1627,24.0,0,1,0,0,0,0,1,0,0,1,64
33.79756,-118.29075,0.0,5.0,1579,1628,24.0,0,1,0,0,0,0,1,0,0,1,64
34.199754,-118.373044,0.0,2.0,1580,1629,24.0,0,1,0,0,0,0,0,0,1,1,975
34.052506,-118.39725200000001,0.0,2.0,1581,1630,24.0,0,1,0,0,0,0,0,0,1,1,975
34.052496999999995,-118.39733799999999,0.0,2.0,1582,1631,24.0,0,1,0,0,0,0,0,0,1,1,975
34.052488000000004,-118.39733799999999,0.0,2.0,1583,1632,24.0,0,1,0,0,0,0,0,0,1,1,975
34.052477,-118.39733500000001,0.0,2.0,1584,1633,24.0,0,1,0,0,0,0,0,0,1,1,975
34.052452,-118.39733799999999,0.0,2.0,1585,1634,24.0,0,1,0,0,0,0,0,0,1,1,975
34.0526894597114,-118.472835710785,0.0,2.0,1586,1635,24.0,0,1,0,0,0,0,0,0,1,1,64
34.271475,-118.46784299999999,0.0,1.0,1587,1636,24.0,0,1,0,0,0,0,1,0,0,1,975
34.271511,-118.467918,0.0,1.0,1588,1637,24.0,0,1,0,0,0,0,1,0,0,1,975
34.037673,-118.37471399999998,0.0,1.0,1589,1638,24.0,0,1,0,0,0,0,1,0,0,1,383
34.201178999999996,-118.420367,0.0,1.0,1590,1639,24.0,0,1,0,0,0,0,1,0,0,1,383
34.199853999999995,-118.37276000000001,0.0,2.0,1591,1640,24.0,0,1,0,0,0,0,0,0,1,1,975
34.052651000000004,-118.397255,0.0,2.0,1592,1641,24.0,0,1,0,0,0,0,0,0,1,1,975
34.035928999999996,-118.23832,0.0,0.0,1593,1642,24.0,0,0,0,0,0,1,1,0,0,1,6
34.058867299999996,-118.2899996,0.0,3.0,1594,1643,24.0,0,1,0,0,0,0,1,0,0,1,26
34.07694301,-118.3240145,0.0,2.0,1595,1644,24.0,1,1,1,0,0,0,1,0,0,1,26
34.061876899999994,-118.3086279,0.0,0.0,1596,1645,24.0,1,0,1,0,0,0,1,0,0,1,26
34.05551133,-118.2331121,0.0,2.0,1597,1646,24.0,0,1,0,0,0,0,1,0,0,1,26
34.05642,-118.23511,0.0,11.0,1598,1647,24.0,0,1,0,0,0,0,1,0,0,1,26
34.04650991,-118.2502143,0.0,4.0,1599,1648,24.0,0,1,0,0,0,0,1,0,0,1,26
34.13418895,-117.9944285,0.0,4.0,1600,1649,24.0,0,1,0,0,0,0,1,0,0,1,26
34.09029,-118.28769,0.0,0.0,1601,1650,24.0,0,1,0,0,0,0,1,0,0,1,92
34.0465319,-118.25241270000001,0.0,4.0,1602,1651,24.0,0,1,0,0,0,0,1,0,0,1,26
34.063515,-118.191181,0.0,1.0,1603,1652,24.0,0,1,0,0,0,0,1,0,0,1,383
34.032345,-118.454582,0.0,1.0,1604,1653,24.0,0,1,0,0,0,0,1,0,0,1,383
34.0841826,-118.35457279999999,0.0,1.0,1605,1654,0.0,0,1,0,0,0,0,1,0,0,0,12
33.9745408,-118.26339440000001,0.0,1.0,1606,1655,0.0,0,1,0,0,0,0,1,0,0,0,12
33.977876,-118.415856,0.0,2.0,1607,1656,24.0,0,1,0,0,0,0,1,0,0,1,975
33.978102,-118.41572099999999,0.0,2.0,1608,1657,24.0,0,1,0,0,0,0,1,0,0,1,975
33.979847,-118.40910900000002,0.0,2.0,1609,1658,24.0,0,1,0,0,0,0,1,0,0,1,975
34.275528,-118.57224,0.0,2.0,1610,1659,24.0,0,1,0,0,0,0,1,0,0,1,975
34.174313,-118.5942,0.0,1.0,1611,1660,24.0,0,1,0,0,0,0,1,0,0,1,975
33.976368,-118.419082,0.0,2.0,1612,1661,24.0,0,1,0,0,0,0,1,0,0,1,975
34.275484000000006,-118.57211299999999,0.0,1.0,1613,1662,24.0,0,1,0,0,0,0,1,0,0,1,975
34.051289000000004,-118.251372,0.0,2.0,1614,1663,24.0,0,1,0,0,0,0,1,0,0,1,975
34.16257,-118.373855,0.0,7.0,1615,1664,24.0,0,1,0,0,0,0,1,0,0,1,64
33.960322999999995,-118.391433,0.0,0.0,1616,1665,24.0,1,0,1,0,0,0,0,0,1,1,975
34.058443,-118.423451,0.0,2.0,1617,1666,24.0,0,1,0,0,0,0,1,0,0,1,975
34.058488,-118.42341499999999,0.0,2.0,1618,1667,24.0,0,1,0,0,0,0,1,0,0,1,975
33.739052,-118.28243799999998,0.0,2.0,1619,1668,24.0,0,1,0,0,0,0,1,0,0,1,975
34.062459999999994,-118.305577,0.0,1.0,1620,1669,24.0,0,1,0,0,0,0,1,0,0,1,26
34.044602000000005,-118.289478,0.0,1.0,1621,1670,24.0,0,1,0,0,0,0,1,0,0,1,26
34.044163,-118.28947,0.0,1.0,1622,1671,24.0,0,1,0,0,0,0,1,0,0,1,26
34.236,-118.58803999999999,0.0,1.0,1623,1672,24.0,0,1,0,0,0,0,1,0,0,1,26
34.03893,-118.45952,0.0,1.0,1624,1673,24.0,0,1,0,0,0,0,1,0,0,1,26
34.04299,-118.25596000000002,0.0,1.0,1625,1674,24.0,0,1,0,0,0,0,1,0,0,1,26
34.18466,-118.60896000000001,0.0,1.0,1626,1675,24.0,0,1,0,0,0,0,1,0,0,1,26
34.02694,-118.40234,0.0,1.0,1627,1676,24.0,0,1,0,0,0,0,1,0,0,1,26
34.062740000000005,-118.36188999999999,0.0,0.0,1628,1677,24.0,1,0,0,0,0,0,1,0,0,1,26
34.032799,-118.35308799999999,0.0,1.0,1629,1678,24.0,0,1,0,0,0,0,1,0,0,1,26
34.22126,-118.44681000000001,0.0,0.0,1630,1679,24.0,1,0,0,0,0,0,1,0,0,1,26
34.026509999999995,-118.38881,0.0,1.0,1631,1680,24.0,0,1,0,0,0,0,1,0,0,1,26
34.125029999999995,-118.47815,0.0,1.0,41,59,24.0,0,1,0,0,0,0,1,0,0,1,26
34.125029999999995,-118.47815,0.0,0.0,1632,1681,24.0,1,0,0,0,0,0,1,0,0,1,26
34.05723,-118.37826000000001,0.0,1.0,1633,1682,24.0,0,1,0,0,0,0,1,0,0,1,26
34.09831,-118.33161000000001,0.0,1.0,1634,1683,24.0,0,1,0,0,0,0,1,0,0,1,26
34.046659999999996,-118.46488000000001,0.0,1.0,1635,1684,24.0,0,1,0,0,0,0,1,0,0,1,26
34.1614,-118.51051000000001,0.0,1.0,1636,1685,24.0,0,1,0,0,0,0,1,0,0,1,26
34.06343,-118.3687,0.0,0.0,1637,1686,24.0,1,0,0,0,0,0,1,0,0,1,26
34.10199,-118.30639,0.0,0.0,1638,1687,24.0,1,0,0,0,0,0,1,0,0,1,26
34.052690000000005,-118.26533,0.0,0.0,1639,1688,24.0,1,0,0,0,0,0,1,0,0,1,26
34.063190000000006,-118.23265,0.0,0.0,1640,1689,24.0,1,0,0,0,0,0,1,0,0,1,26
34.02943,-118.45511,0.0,0.0,1641,1690,24.0,1,0,0,0,0,0,1,0,0,1,26
33.94158,-118.42473000000001,0.0,1.0,1642,1691,24.0,0,1,0,0,0,0,1,0,0,1,26
34.08974,-118.33827,0.0,1.0,1643,1692,24.0,0,1,0,0,0,0,1,0,0,1,26
34.156021,-118.48454299999999,0.0,1.0,1644,1693,24.0,0,1,0,0,0,0,1,0,0,1,26
34.096043,-118.31056699999999,0.0,2.0,1645,1694,24.0,0,1,0,0,0,0,1,0,0,1,975
34.096157,-118.3105,0.0,2.0,1646,1695,24.0,0,1,0,0,0,0,1,0,0,1,975
34.096146999999995,-118.31059199999999,0.0,2.0,1647,1696,24.0,0,1,0,0,0,0,1,0,0,1,975
34.056647,-118.4118,0.0,1.0,1648,1697,24.0,0,1,0,0,0,0,1,0,0,1,975
34.096042,-118.310442,0.0,2.0,1649,1698,24.0,0,1,0,0,0,0,1,0,0,1,975
34.03909,-118.26326,0.0,2.0,1650,1699,24.0,0,1,0,0,0,0,0,0,1,1,975
34.00931,-118.25012,0.0,13.0,1651,1700,24.0,0,1,0,0,0,0,0,1,0,1,2
33.98535,-118.44755,0.0,9.0,1652,1701,24.0,0,1,0,0,0,0,0,0,1,1,2
33.967662,-118.421599,0.0,2.0,1653,1702,24.0,0,1,0,0,0,0,1,0,0,1,975
33.967658,-118.42158500000001,0.0,2.0,1654,1703,24.0,0,1,0,0,0,0,1,0,0,1,975
33.967638,-118.42165700000001,0.0,2.0,1655,1704,24.0,0,1,0,0,0,0,1,0,0,1,975
33.967499,-118.421719,0.0,2.0,1656,1705,24.0,0,1,0,0,0,0,1,0,0,1,975
34.0308450149005,-118.383824576013,0.0,3.0,1657,1706,24.0,0,1,0,0,0,0,1,0,0,1,64
34.001432,-118.24373600000001,0.0,2.0,1658,1707,24.0,0,1,0,0,0,0,1,0,0,1,975
34.006917,-118.26583899999999,0.0,2.0,1659,1708,24.0,0,1,0,0,0,0,1,0,0,1,975
33.918735,-118.24600900000002,0.0,2.0,1660,1709,24.0,0,1,0,0,0,0,1,0,0,1,975
33.976141999999996,-118.282331,0.0,2.0,1661,1710,24.0,0,1,0,0,0,0,1,0,0,1,975
33.990524,-118.319052,0.0,2.0,1662,1711,24.0,0,1,0,0,0,0,1,0,0,1,975
33.97339,-118.37311000000001,0.0,1.0,1663,1712,24.0,0,1,0,0,0,0,1,0,0,1,92
34.078055799435894,-118.280278420012,0.0,4.0,1664,1713,24.0,0,1,0,0,0,0,1,0,0,1,92
34.0409,-118.26722,0.0,16.0,1665,1714,24.0,0,1,0,0,0,0,1,0,0,1,92
34.065396,-118.270555,0.0,2.0,1666,1715,24.0,0,1,0,0,0,0,1,0,0,1,975
34.210246999999995,-118.42995,0.0,1.0,1667,1716,24.0,0,1,0,0,0,0,1,0,0,1,975
34.086609,-118.37503500000001,0.0,1.0,1668,1717,24.0,0,1,0,0,0,0,1,0,0,1,975
34.086667999999996,-118.374991,0.0,1.0,1669,1718,24.0,0,1,0,0,0,0,1,0,0,1,975
34.086632,-118.374994,0.0,1.0,1670,1719,24.0,0,1,0,0,0,0,1,0,0,1,975
34.086690000000004,-118.374986,0.0,1.0,1671,1720,24.0,0,1,0,0,0,0,1,0,0,1,975
34.181329999999996,-118.39412,0.0,2.0,1672,1721,24.0,0,1,0,0,0,0,1,0,0,1,975
33.73666,-118.286895,0.0,2.0,1673,1722,24.0,0,1,0,0,0,0,1,0,0,1,975
34.171404889744394,-118.59006852907301,0.0,12.0,1674,1723,24.0,0,1,0,0,0,0,1,0,0,1,64
34.060043,-118.29271999999999,0.0,1.0,1675,1724,24.0,0,1,0,0,0,0,1,0,0,1,975
34.059975,-118.292693,0.0,1.0,1676,1725,24.0,0,1,0,0,0,0,1,0,0,1,975
34.091019,-118.303944,0.0,1.0,1677,1726,24.0,0,1,0,0,0,0,1,0,0,1,975
34.091149,-118.303956,0.0,1.0,1678,1727,24.0,0,1,0,0,0,0,1,0,0,1,975
34.091081,-118.30394199999999,0.0,1.0,1679,1728,24.0,0,1,0,0,0,0,1,0,0,1,975
34.091068,-118.303982,0.0,1.0,1680,1729,24.0,0,1,0,0,0,0,1,0,0,1,975
34.091155,-118.30396499999999,0.0,1.0,1681,1730,24.0,0,1,0,0,0,0,1,0,0,1,975
34.104649,-118.33448500000002,0.0,2.0,1682,1731,24.0,0,1,0,0,0,0,1,0,0,1,11
33.975122,-118.317947,0.0,4.0,1683,1732,24.0,0,1,0,0,0,0,1,0,0,1,181
34.038346600000004,-118.3759001,0.0,6.0,433,1733,24.0,0,1,0,0,0,0,1,0,0,1,64
34.048953999999995,-118.25666100000001,0.0,2.0,1684,1734,24.0,0,1,0,0,0,0,1,0,0,1,975
34.018642,-118.35496100000002,0.0,0.0,1685,1735,24.0,1,0,1,0,0,0,1,0,0,1,975
34.18183,-118.39385,0.0,2.0,1686,1736,24.0,0,1,0,0,0,0,1,0,0,1,975
34.181988,-118.39381399999999,0.0,2.0,1687,1737,24.0,0,1,0,0,0,0,1,0,0,1,975
34.049688,-118.256976,0.0,2.0,1688,1738,24.0,0,1,0,0,0,0,1,0,0,1,975
34.048949,-118.256518,0.0,2.0,1689,1739,24.0,0,1,0,0,0,0,1,0,0,1,975
34.048921,-118.25668999999999,0.0,2.0,1690,1740,24.0,0,1,0,0,0,0,1,0,0,1,975
34.18186,-118.393875,0.0,2.0,1691,1741,24.0,0,1,0,0,0,0,1,0,0,1,975
33.974358,-118.27434699999999,0.0,4.0,1692,1742,24.0,0,1,0,0,0,0,1,0,0,1,181
34.090949,-118.28871799999999,0.0,1.0,1693,1743,24.0,0,1,0,0,0,0,1,0,0,1,383
34.053558,-118.251033,0.0,1.0,1694,1744,24.0,0,1,0,0,0,0,1,0,0,1,975
33.989962,-118.291357,0.0,1.0,1695,1745,24.0,0,1,0,0,0,0,1,0,0,1,383
34.00282,-118.2561,0.0,4.0,1696,1746,24.0,0,1,0,0,0,0,1,0,0,1,181
33.948699,-118.164249,0.0,0.0,1697,1747,24.0,0,0,0,0,0,1,1,0,0,1,6
34.061417999999996,-118.44326799999999,0.0,2.0,1698,1748,24.0,0,1,0,0,0,0,1,0,0,1,975
34.061417999999996,-118.443279,0.0,2.0,1699,1749,24.0,0,1,0,0,0,0,1,0,0,1,975
34.0614,-118.443301,0.0,2.0,1700,1750,24.0,0,1,0,0,0,0,1,0,0,1,975
34.20111,-118.41762,0.0,1.0,1701,1751,24.0,0,1,0,0,0,0,1,0,0,1,383
33.9806462893338,-118.264730932959,0.0,1.0,1702,1752,24.0,0,1,0,0,0,0,0,0,1,1,64
33.9806462893338,-118.264730932959,0.0,2.0,1703,1753,24.0,0,1,0,0,0,0,0,0,1,1,64
34.054562,-118.248333,0.0,10.0,1704,1754,24.0,0,1,0,0,0,0,1,0,0,1,64
34.18175,-118.39546999999999,0.0,2.0,1705,1755,24.0,0,1,0,0,0,0,1,0,0,1,975
34.062027,-118.39433700000001,0.0,1.0,1706,1756,24.0,0,1,0,0,0,0,1,0,0,1,975
34.062038,-118.394231,0.0,1.0,1707,1757,24.0,0,1,0,0,0,0,1,0,0,1,975
33.9765515343716,-118.40739720674499,1.0,5.0,1708,1758,0.0,0,1,0,0,0,0,1,0,0,0,975
33.9781041468585,-118.41100010398,1.0,39.0,1708,1758,0.0,0,1,0,0,0,0,1,0,0,0,975
33.9783045710798,-118.41053178626301,1.0,2.0,1708,1758,0.0,0,1,0,0,0,0,1,0,0,0,975
33.9781782224511,-118.410839285469,1.0,2.0,1708,1758,0.0,0,1,0,0,0,0,1,0,0,0,975
33.972513,-118.37517,0.0,1.0,1709,1759,24.0,0,1,0,0,0,0,1,0,0,1,975
34.016127000000004,-118.308805,0.0,1.0,1710,1760,24.0,0,1,0,0,0,0,1,0,0,1,383
34.097219,-118.31701499999998,0.0,1.0,1711,1761,24.0,0,1,0,0,0,0,1,0,0,1,975
34.097235999999995,-118.316961,0.0,1.0,1712,1762,24.0,0,1,0,0,0,0,1,0,0,1,975
34.097201,-118.316929,0.0,1.0,1713,1763,24.0,0,1,0,0,0,0,1,0,0,1,975
34.097227000000004,-118.316929,0.0,1.0,1714,1764,24.0,0,1,0,0,0,0,1,0,0,1,975
34.097235999999995,-118.316929,0.0,1.0,1715,1765,24.0,0,1,0,0,0,0,1,0,0,1,975
34.097139,-118.316907,0.0,1.0,1716,1766,24.0,0,1,0,0,0,0,1,0,0,1,975
34.09713,-118.31697199999999,0.0,1.0,1717,1767,24.0,0,1,0,0,0,0,1,0,0,1,975
34.097121,-118.317058,0.0,1.0,1718,1768,24.0,0,1,0,0,0,0,1,0,0,1,975
34.097121,-118.316929,0.0,1.0,1719,1769,24.0,0,1,0,0,0,0,1,0,0,1,975
34.097121,-118.317004,0.0,1.0,1720,1770,24.0,0,1,0,0,0,0,1,0,0,1,975
34.056430999999996,-118.417492,0.0,2.0,1721,1771,24.0,0,1,0,0,0,0,1,0,0,1,975
34.056297,-118.417442,0.0,2.0,1722,1772,24.0,0,1,0,0,0,0,1,0,0,1,975
34.056275,-118.417781,0.0,2.0,1723,1773,24.0,0,1,0,0,0,0,1,0,0,1,975
34.056566,-118.41758,0.0,1.0,1724,1774,24.0,0,1,0,0,0,0,1,0,0,1,975
34.056731,-118.41708100000001,0.0,2.0,1725,1775,24.0,0,1,0,0,0,0,1,0,0,1,975
34.056523999999996,-118.417464,0.0,2.0,1726,1776,24.0,0,1,0,0,0,0,1,0,0,1,975
34.056428000000004,-118.417424,0.0,2.0,1727,1777,24.0,0,1,0,0,0,0,1,0,0,1,975
34.056468,-118.417552,0.0,2.0,1728,1778,24.0,0,1,0,0,0,0,1,0,0,1,975
34.056298999999996,-118.41745700000001,0.0,2.0,1729,1779,24.0,0,1,0,0,0,0,1,0,0,1,975
34.056408000000005,-118.417295,0.0,2.0,1730,1780,24.0,0,1,0,0,0,0,1,0,0,1,975
34.0206933769473,-118.239497146449,0.0,2.0,1731,1781,24.0,0,1,0,0,0,0,1,0,0,1,64
34.11232531,-118.2080024,0.0,1.0,1732,1782,24.0,0,1,0,0,0,0,1,0,0,1,3
34.09908983,-118.3338107,0.0,6.0,1733,1783,24.0,0,1,0,0,0,0,1,0,0,1,3
34.061921000000005,-118.394283,0.0,1.0,1734,1784,24.0,0,1,0,0,0,0,1,0,0,1,975
34.062053999999996,-118.39416499999999,0.0,1.0,1735,1785,24.0,0,1,0,0,0,0,1,0,0,1,975
34.061974,-118.394154,0.0,1.0,1736,1786,24.0,0,1,0,0,0,0,1,0,0,1,975
33.944072999999996,-118.374501,0.0,40.0,1737,1787,24.0,0,1,1,0,0,0,1,0,0,1,1
34.054562,-118.248333,0.0,15.0,1704,1788,24.0,0,1,0,0,0,0,1,0,0,1,64
34.0026,-118.2561,0.0,4.0,1738,1789,24.0,0,1,0,0,0,0,1,0,0,1,181
34.022833,-118.27469099999999,0.0,1.0,1739,1790,24.0,0,1,0,0,0,0,1,0,0,1,383
34.073178000000006,-118.359378,0.0,6.0,1740,1791,24.0,0,1,0,0,0,0,1,0,0,1,26
34.05547495,-118.23315590000001,0.0,13.0,1741,1792,24.0,0,1,0,0,0,0,1,0,0,1,26
34.0602018,-118.41681709999999,0.0,17.0,1742,1793,24.0,0,1,0,0,0,0,1,0,0,1,26
34.0516011,-118.2311199,0.0,10.0,1743,1794,24.0,0,1,0,0,0,0,1,0,0,1,26
33.981682299999996,-118.4149455,0.0,20.0,1744,1795,24.0,0,1,0,0,0,0,1,0,0,1,26
34.074090000000005,-118.164775,0.0,1.0,1745,1796,24.0,0,1,0,0,0,0,1,0,0,1,383
34.056472,-118.417441,0.0,2.0,1746,1797,24.0,0,1,0,0,0,0,1,0,0,1,975
34.0574006,-118.2162795,0.0,2.0,1747,1798,24.0,0,1,0,0,0,0,1,0,0,1,26
34.047484999999995,-118.23795600000001,0.0,1.0,1748,1799,24.0,0,1,0,0,0,0,1,0,0,1,383
